"","player","team","seasons","total_targets","total_catchables","total_rec","total_drops","total_yards","total_yac","total_tds","comp_perc","on_tgt_rate","yards_per_target","yards_per_rec","yards_per_game","broken_tackles","total_first_downs","first_down_perc","drop_rate","rec_rating"
"1","A.J. Brown","Ole Miss",2,220,183,160,12,2572,675,17,72.915,88.8,11.76,16.075,107.15,31,91,57,6.75,127
"2","A.J. Richardson","Boise State",1,78,57,54,1,825,142,8,69.23,94.7,10.58,15.2777777777778,58.9,4,35,64.8,1.8,132.7
"3","Aaron Cephus","Rice",1,78,46,40,3,565,54,5,51.28,90.9,7.24,14.125,47.1,4,31,77.5,6.5,69.7
"4","Aaron Fuller","Washington",2,197,148,117,16,1576,208,10,59.685,80.65,7.975,13.4700854700855,60.45,7,75,64.15,10.85,89.55
"5","Aaron Peck","Fresno State",1,75,50,43,6,592,164,3,57.33,86,7.89,13.7674418604651,59.2,15,20,46.5,12,79.4
"6","Adam Breneman","UMASS",2,195,150,126,3,1436,167,10,64.625,84.6,7.37,11.3968253968254,65.3,4,77,61.15,2,88.75
"7","Adonis Jennings","Temple",1,78,57,42,5,742,90,7,53.85,77.4,9.51,17.6666666666667,57.1,4,24,57.1,8.8,100.5
"8","Adrian Hardy","Louisiana Tech",3,267,191,150,15,2119,483,11,55.6633333333333,85.3666666666667,7.68666666666667,14.1266666666667,68.1333333333333,21,106,69.9,6.96666666666667,81.2666666666667
"9","Ahmmon Richards","Miami FL",1,77,60,49,4,934,257,3,63.64,81.7,12.13,19.0612244897959,71.8,20,38,77.6,6.7,113.2
"10","Ainias Smith","Texas A&M",1,66,52,43,2,564,138,6,65.15,89.4,8.55,13.1162790697674,56.4,6,24,55.8,3.8,116
"11","AJ Coney","Akron",1,72,53,43,3,551,113,3,59.72,80.8,7.65,12.8139534883721,39.4,11,32,74.4,5.7,80.3
"12","Al Riles","Louisiana Lafayette",1,78,65,60,1,731,251,2,76.92,93.7,9.37,12.1833333333333,56.2,11,30,50,1.5,108.4
"13","Alevo Hifo","BYU",1,67,50,42,2,478,100,3,62.69,90.9,7.13,11.3809523809524,36.8,6,23,54.8,4,67.9
"14","Alfonso Onunwor","Idaho",1,113,80,64,6,860,183,8,56.64,81,7.61,13.4375,78.2,10,37,57.8,7.5,89.8
"15","Allen Lazard","Iowa State",2,253,184,140,21,1959,199,17,55.38,78.4,7.76,13.9928571428571,78.6,12,108,77.2,11.4,96.15
"16","Allenzae Staggers","Southern Mississippi",2,169,119,106,4,1636,210,12,62.385,92.1,9.53,15.4339622641509,66.6,10,64,59.2,3.15,103.95
"17","Amara Darboh","Michigan",1,102,68,57,4,862,118,7,55.88,83.8,8.45,15.1228070175439,66.3,6,37,64.9,5.9,102.7
"18","Amari Rodgers","Clemson",2,171,149,131,9,1590,407,11,76.53,89.6,9.115,12.1374045801527,61.5,17,63,46.95,6.15,117.8
"19","Amba Etta-Tawo","Syracuse",1,142,115,93,7,1483,341,14,65.49,84.4,10.44,15.9462365591398,123.6,20,56,60.2,6.1,115.4
"20","Ammon Barker","Hawaii",1,75,48,39,4,398,56,1,52,83,5.31,10.2051282051282,33.2,8,23,59,8.3,60.9
"21","Amon-Ra St. Brown","USC",3,254,203,178,10,2270,316,16,70,90.7333333333333,8.8,12.752808988764,74.1333333333333,14,106,60.9333333333333,4.8,103.6
"22","Andre Baccellia","Washington",1,70,58,55,0,584,103,0,78.57,100,8.34,10.6181818181818,41.7,4,30,54.5,0,89.5
"23","Andre Levrone","Virginia",1,76,46,34,9,689,36,7,44.74,75.6,9.07,20.2647058823529,53,2,23,67.6,19.6,102.4
"24","Andre Williams","Akron",1,89,59,46,5,649,44,6,51.69,83.6,7.29,14.1086956521739,59,2,31,67.4,8.5,79.3
"25","Andre Wilson","UAB",1,84,66,54,9,677,109,6,64.29,80,8.06,12.537037037037,52.1,19,34,63,13.6,103.1
"26","Andrew Meyer","Ohio",1,67,43,35,2,483,39,2,52.24,81,7.21,13.8,40.3,2,23,65.7,4.7,79.4
"27","Andrew Parchment","Kansas",2,165,108,89,11,1026,117,9,52.04,83.4,5.565,11.5280898876404,46.85,1,46,48.55,10.65,68.1
"28","Andy Isabella","UMASS",3,347,258,221,18,3396,525,29,62.8833333333333,86.3666666666667,9.45666666666667,15.3665158371041,96.0333333333333,25,139,62.0666666666667,6.66666666666667,113.866666666667
"29","Anthony Johnson","Buffalo",2,227,163,134,12,2374,448,25,58.925,86.05,10.445,17.7164179104478,95.7,33,94,69.7,7.15,116
"30","Anthony Miller","Memphis",2,286,227,191,20,2896,462,32,66.975,84.85,10.15,15.1623036649215,111.4,28,121,63.35,8.8,133
"31","Anthony Queeley","Syracuse",1,67,43,37,4,378,55,2,55.22,90,5.64,10.2162162162162,34.4,3,21,56.8,9.3,81.6
"32","Anthony Ratliff-Williams","North Carolina",2,154,102,77,10,1324,142,8,50.155,79.3,8.665,17.1948051948052,57.8,14,54,70.5,9.95,81.5
"33","Anthony Schwartz","Auburn",1,87,63,54,8,636,76,3,62.07,88.3,7.31,11.7777777777778,63.6,3,29,53.7,12.7,81.4
"34","Antoine Porter","Eastern Michigan",1,76,64,46,9,548,85,4,60.53,73,7.21,11.9130434782609,45.7,6,29,63,14.1,83.7
"35","Antoine Wesley","Texas Tech",1,125,99,88,4,1404,321,9,70.4,90.6,11.23,15.9545454545455,117,8,55,62.5,4,128.2
"36","Antonio Callaway","Florida",1,87,66,54,7,721,197,3,62.07,83.1,8.29,13.3518518518519,60.1,13,32,59.3,10.6,80.7
"37","Antonio Gandy-Golden","Liberty",2,269,175,149,12,2420,459,20,55.325,88.45,8.945,16.241610738255,100.15,30,112,75,6.85,99.2
"38","Antonio Nunn","Buffalo",2,146,106,85,9,1260,203,8,59.7,85.85,8.97,14.8235294117647,69.85,6,55,63.8,7.9,96.5
"39","Antwan Davis","Ball State",1,61,47,39,3,461,78,1,63.93,85.4,7.56,11.8205128205128,57.6,4,26,66.7,6.4,78.7
"40","Antwan Dixon","Kent State",1,79,61,52,6,525,100,2,65.82,86.7,6.65,10.0961538461538,43.8,5,24,46.2,9.8,93.1
"41","Ardarius Stewart","Alabama",1,82,61,54,4,864,205,8,65.85,90,10.54,16,72,21,29,53.7,6.6,108
"42","Arik Gilbert","LSU",1,55,44,35,2,368,81,2,63.64,89.5,6.69,10.5142857142857,46,7,24,68.6,4.5,80
"43","Aron Cruickshank","Rutgers",1,58,46,37,3,236,35,1,63.79,88.9,4.07,6.37837837837838,26.2,1,12,32.4,6.5,63.6
"44","Artavis Scott","Clemson",1,97,87,76,6,613,189,5,78.35,90.5,6.32,8.06578947368421,40.9,14,35,46.1,6.9,110.2
"45","Arthur Jackson III","Eastern Michigan",1,67,54,47,5,740,79,7,70.15,88.7,11.04,15.7446808510638,56.9,1,33,70.2,9.3,135.2
"46","Auden Tate","Florida State",1,67,45,40,1,548,74,10,59.7,90.9,8.18,13.7,45.7,6,27,67.5,2.2,100.6
"47","Austin Carr","Northwestern",1,133,101,90,3,1247,180,12,67.67,91.8,9.38,13.8555555555556,95.9,12,63,70,3,121.4
"48","Austin Conway","Wyoming",1,87,70,62,1,553,96,3,71.26,88.6,6.36,8.91935483870968,42.5,16,25,40.3,1.4,94.7
"49","Austin Duke","Charlotte",1,95,73,59,5,803,198,4,62.11,81.9,8.45,13.6101694915254,66.9,6,31,52.5,6.8,98.7
"50","Austin Proehl","North Carolina",1,77,56,43,4,598,56,3,55.84,78.2,7.77,13.906976744186,46,7,30,69.8,7.1,88.6
"51","Austin Trammell","Rice",2,218,145,122,13,1358,253,7,55.965,88.05,6.23,11.1311475409836,54.55,11,71,58.35,8.95,72
"52","Austin Walter","Rice",1,69,51,44,4,525,164,2,63.77,85.7,7.61,11.9318181818182,40.4,5,26,59.1,7.8,78.5
"53","Austin Watkins Jr.","UAB",2,150,101,91,2,1560,144,9,60.91,91.05,10,17.1428571428571,72.45,7,69,74.75,1.6,95.6
"54","Austin Williams","Mississippi State",1,53,47,43,0,372,67,3,81.13,95.2,7.02,8.65116279069767,33.8,4,19,44.2,0,106.9
"55","Austin Wolf","Akron",1,74,43,36,3,550,45,5,48.65,83.7,7.43,15.2777777777778,45.8,3,24,66.7,7,90.5
"56","B.J. Farrow","Liberty",1,85,56,40,7,546,71,5,47.06,74.1,6.42,13.65,49.6,3,26,65,12.5,73
"57","Bailey Gaither","San Jose State",2,160,116,93,10,1537,116,10,60.165,81.9,10.1,16.5268817204301,85.65,1,55,58.8,8.25,107.8
"58","Beau Corrales","North Carolina",1,68,50,40,5,575,138,6,58.82,81.6,8.46,14.375,44.2,9,29,72.5,10,103.5
"59","Bennett Skowronek","Northwestern",2,155,114,90,7,1206,126,8,58.065,83.3,7.78,13.4,44.8,4,52,57.8,6.3,83.85
"60","Bilal Marshall","Purdue",1,76,53,39,9,470,39,3,51.32,75,6.18,12.0512820512821,39.2,3,19,48.7,17,78.3
"61","Billy Kemp IV","Virginia",1,98,74,67,2,644,137,1,68.37,98.5,6.57,9.61194029850746,64.4,5,34,50.7,2.7,64.3
"62","BJ Johnson III","Georgia Southern",1,75,51,41,3,575,96,3,54.67,80,7.67,14.0243902439024,47.9,7,31,75.6,5.9,70.7
"63","Blake Banham","Eastern Michigan",1,87,71,60,6,758,187,5,68.97,87.9,8.71,12.6333333333333,58.3,8,33,55,8.5,105.4
"64","Blake Mack","Arkansas State",1,68,54,48,1,618,113,7,70.59,90.6,9.09,12.875,51.5,12,32,66.7,1.9,114.7
"65","Blake Proehl","East Carolina",2,151,111,100,3,1235,162,8,66.78,93.1,8.24,12.35,59.45,1,60,59.6,2.75,101.25
"66","Bo Melton","Rutgers",1,79,56,47,4,642,112,6,59.49,95.9,8.13,13.6595744680851,71.3,9,28,59.6,7.1,95
"67","Boyd Devonte","UNLV",2,155,107,79,14,1358,110,7,50.73,74.3,8.75,17.1898734177215,65.1,13,56,71.2,13.05,85
"68","Brad Rozner","Rice",1,98,69,55,8,770,134,5,56.12,82.8,7.86,14,64.2,8,37,67.3,11.6,90.1
"69","Branden Mack","Temple",3,245,152,129,16,1796,414,15,52.2833333333333,88.7,7.06,13.922480620155,52.4333333333333,15,87,66.7666666666667,10.8333333333333,70.8
"70","Brandon Aiyuk","Arizona State",1,104,72,65,5,1192,267,8,62.5,93.5,11.46,18.3384615384615,99.3,7,40,61.5,6.9,127.6
"71","Brandon Arconado","Washington State",1,106,84,78,5,1109,119,7,73.58,96.2,10.46,14.2179487179487,100.8,5,60,76.9,6,113.3
"72","Brandon Bowling","Arkansas State",1,68,47,39,3,512,38,7,57.35,90.5,7.53,13.1282051282051,46.5,1,23,59,6.4,103.3
"73","Brandon Powell","Florida",2,144,106,87,5,793,158,5,60.455,82.85,5.505,9.11494252873563,33.35,12,45,51.95,4.75,75.3
"74","Brandon Presley","UNLV",1,79,44,35,4,434,41,3,44.3,82.5,5.49,12.4,36.2,2,19,54.3,9.1,58.7
"75","Braxton Berrios","Miami FL",1,85,64,55,1,679,73,9,64.71,87.3,7.99,12.3454545454545,52.2,7,35,63.6,1.6,119.7
"76","Brennan Eagles","Texas",1,51,35,28,3,469,53,5,54.9,82.4,9.2,16.75,52.1,2,22,78.6,8.6,118.8
"77","Brevin Jordan","Miami FL",1,53,44,38,2,576,159,7,71.7,90,10.87,15.1578947368421,72,4,27,71.1,4.5,146.7
"78","Brian Williams","Louisiana-Monroe",1,71,50,45,3,627,163,4,63.38,90,8.83,13.9333333333333,52.3,7,28,62.2,6,98.7
"79","Britain Covey","Utah",1,84,72,61,5,612,245,1,72.62,88.7,7.29,10.0327868852459,47.1,14,28,45.9,6.9,96.9
"80","Bryan Edwards","South Carolina",4,392,288,234,23,3045,631,22,59.2925,84.575,7.7775,13.0128205128205,64.225,56,134,58.075,8.225,94.225
"81","Bryce Bobo","Colorado",2,172,131,106,12,1242,242,7,61.365,81.95,7.245,11.7169811320755,50,37,59,55.8,9.3,83.75
"82","Bryce Ford-Wheaton","West Virginia",1,56,41,27,8,416,78,3,48.21,69.4,7.43,15.4074074074074,41.6,5,18,66.7,19.5,83.6
"83","Brycen Hopkins","Purdue",1,92,77,61,9,830,125,7,66.3,84.3,9.02,13.6065573770492,69.2,4,39,63.9,11.7,111.2
"84","Bucky Hodges","Virginia Tech",1,82,60,48,6,691,69,7,58.54,79.7,8.43,14.3958333333333,49.4,5,37,77.1,10,109.3
"85","Bug Howard","North Carolina",1,82,63,53,3,827,57,8,64.63,85.5,10.09,15.6037735849057,68.9,8,37,69.8,4.8,130.5
"86","Byron Pringle","Kansas State",1,83,55,39,5,631,87,4,46.99,73.1,7.6,16.1794871794872,48.5,5,27,69.2,9.1,84
"87","C.J Duncan","Vanderbilt",2,151,119,96,11,1011,177,5,63.495,82,6.695,10.53125,40.55,17,58,60.85,8.95,88.1
"88","C.J. Johnson","East Carolina",2,147,99,74,13,1327,241,10,47.45,75.25,8.84,17.9324324324324,60.9,11,58,82,16.25,98.65
"89","Caleb Wilson","UCLA",1,97,75,60,8,965,186,4,61.86,85.5,9.95,16.0833333333333,80.4,5,42,70,10.7,95.9
"90","Calvin Austin III","Memphis",1,119,81,63,7,1053,230,11,52.94,84.5,8.85,16.7142857142857,95.7,7,45,71.4,8.6,103.4
"91","Calvin Ridley","Alabama",2,215,165,135,17,1743,194,12,62.855,83.75,8.23,12.9111111111111,60.4,17,80,59.65,10.3,101.2
"92","Cam Johnson","Vanderbilt",1,70,58,56,1,545,121,3,80,96.6,7.79,9.73214285714286,60.6,4,27,48.2,1.7,89.6
"93","Cam Phillips","Virginia Tech",2,210,169,147,8,1947,335,12,70.47,89.65,9.32,13.2448979591837,75.25,23,90,61.35,4.7,110.6
"94","Cameron Batson","Texas Tech",2,155,131,120,4,1137,187,13,77.715,91.6,7.295,9.475,45.85,18,55,45.7,3.1,112.6
"95","Cameron Dollar","Charlotte",1,70,47,41,6,599,92,2,58.57,90.2,8.56,14.609756097561,46.1,7,25,61,12.8,66.3
"96","Cameron Green","Northwestern",1,82,66,57,2,488,79,4,69.51,90,5.95,8.56140350877193,34.9,2,28,49.1,3,96
"97","Cameron Posey","Purdue",1,69,45,39,1,356,96,3,56.52,86.7,5.16,9.12820512820513,29.7,6,20,51.3,2.2,55
"98","Cameron Ross","UCONN",1,94,66,60,5,723,140,4,63.83,93.4,7.69,12.05,65.7,2,31,51.7,7.6,92.6
"99","Carlos Henderson","Louisiana Tech",1,137,102,80,8,1524,473,18,58.39,79.8,11.12,19.05,127,46,62,77.5,7.8,115.4
"100","Carlos Strickland II","UTSA",1,67,54,38,5,492,35,4,56.72,74.5,7.34,12.9473684210526,41,0,24,63.2,9.3,99.8
"101","Carrington Thompson","Western Michigan",1,74,50,42,7,637,77,6,56.76,84,8.61,15.1666666666667,45.5,5,33,78.6,14,106.6
"102","Cedric Byrd II","Hawaii",2,273,210,178,13,2071,155,19,65.41,90.15,7.66,11.6348314606742,71.35,11,98,55.65,5.95,95.5
"103","Cedrick Wilson","Boise State",2,236,166,139,10,2636,446,18,58.575,87.85,11.2,18.9640287769784,100.85,27,102,73.95,5.8,114.65
"104","Cee Jay Powell","Louisiana Tech",1,51,41,38,2,280,84,0,74.51,94.9,5.49,7.36842105263158,28,5,16,42.1,4.9,78.9
"105","CeeDee Lamb","Oklahoma",3,254,203,173,12,3292,699,32,68.07,89.4,12.8633333333333,19.028901734104,80.8,24,130,75.6,5.9,141.2
"106","Chad Hansen","California",1,144,108,92,3,1249,148,11,63.89,88.5,8.67,13.5760869565217,124.9,7,53,57.6,2.8,114
"107","Chance Allen","Houston",1,98,69,56,3,815,99,6,57.14,86.2,8.32,14.5535714285714,67.9,4,44,78.6,4.3,87.8
"108","Charles Nelson","Oregon",1,81,60,52,4,554,66,5,64.2,88.1,6.84,10.6538461538462,46.2,9,26,50,6.7,99.5
"109","Charlie Kolar","Iowa State",2,151,113,95,8,1288,134,14,62.985,87.5,8.535,13.5578947368421,53.65,4,74,78,7.1,107.6
"110","Chase Claypool","Notre Dame",2,186,142,116,11,1676,278,17,62.895,87,8.92,14.448275862069,64.5,14,82,69.65,7.65,108.1
"111","Chase Lane","Texas A&M",1,47,36,29,1,409,54,2,61.7,83.3,8.7,14.1034482758621,40.9,2,19,65.5,2.8,95.1
"112","Chris Finke","Notre Dame",1,72,54,49,2,571,109,2,68.06,93.9,7.93,11.6530612244898,43.9,3,32,65.3,3.7,83.7
"113","Chris Godwin","Penn State",1,100,78,59,7,982,83,11,59,76.3,9.82,16.6440677966102,70.1,10,41,69.5,9,124.7
"114","Chris Murray","Arkansas State",1,88,70,50,5,697,133,9,56.82,75.8,7.92,13.94,58.1,18,30,60,7.1,97.6
"115","Chris Olave","Ohio State",2,137,113,99,5,1578,134,19,73.485,93.85,11.59,15.9393939393939,82.35,4,79,79.9,4.35,138.75
"116","Chris Pierce","Vanderbilt",1,53,33,25,0,371,104,5,47.17,85.7,7,14.84,41.2,7,18,72,0,78.4
"117","Chris Platt","Baylor",2,148,100,71,18,1078,115,5,48.025,74.65,7.28,15.1830985915493,41.45,5,42,59.15,17.5,66.8
"118","Christian Blake","Northern Illinois",2,160,90,72,6,871,113,6,45.17,84.45,5.54,12.0972222222222,34.9,8,40,56.55,6.7,56
"119","Christian Kirk","Texas A&M",2,249,183,154,8,1847,223,19,61.84,84.5,7.46,11.9935064935065,71.05,17,78,51.4,4.3,103.65
"120","CJ Lewis","Boston College",1,47,32,28,2,464,52,5,59.57,89.3,9.87,16.5714285714286,42.2,1,22,78.6,6.3,128.3
"121","CJ Windham","Middle Tennessee",1,49,37,31,3,331,17,3,63.27,88.6,6.76,10.6774193548387,41.4,0,16,51.6,8.1,103.4
"122","Cody Thompson","Toledo",2,188,137,112,6,1916,371,21,59.29,85.35,10.045,17.1071428571429,73.7,22,85,76.3,4.7,114.2
"123","Cody White","Michigan State",2,189,134,108,8,1477,199,8,56.48,88.6,7.695,13.6759259259259,66.3,10,76,69.7,6.2,77.2
"124","Colby Parkinson","Stanford",1,89,61,48,1,589,102,1,53.93,88.7,6.62,12.2708333333333,49.1,3,30,62.5,1.6,64.3
"125","Cole Hikutini","Louisville",1,72,58,50,4,668,105,8,69.44,86,9.28,13.36,51.4,6,37,74,6.9,129.9
"126","Cole Turner","Nevada",1,68,57,49,6,605,57,9,72.06,92,8.9,12.3469387755102,67.2,2,28,57.1,10.5,138.8
"127","Collin Johnson","Texas",2,207,145,122,8,1750,236,9,58.775,86.6,8.43,14.344262295082,67.3,12,82,66.95,5.7,98.35
"128","Connor Wedington","Stanford",1,71,59,50,5,490,91,1,70.42,87.5,6.9,9.8,40.8,5,21,42,8.5,82.5
"129","Corey Davis","Western Michigan",1,140,112,96,12,1473,330,19,68.57,86.5,10.52,15.34375,105.2,28,59,61.5,10.7,136.7
"130","Corey Gammage","Marshall",1,56,39,35,3,409,72,4,62.5,94.4,7.3,11.6857142857143,40.9,3,22,62.9,7.7,101
"131","Corey Jones","Toledo",1,88,79,66,6,817,145,5,75,85.7,9.28,12.3787878787879,62.8,10,31,47,7.6,122.2
"132","Corey Lacanaria","Ball State",1,75,53,49,1,524,62,3,65.33,95.8,6.99,10.6938775510204,43.7,1,30,61.2,1.9,93.4
"133","Corey Sutton","Appalachian State",1,77,58,44,5,773,53,10,57.14,78.6,10.04,17.5681818181818,59.5,5,31,70.5,8.6,120.3
"134","Corey Willis","Central Michigan",2,187,143,117,13,1755,318,18,61.875,85,9.27,15,75.2,44,71,59.3,9.65,121.45
"135","Cornelius McCoy","Georgia State",2,168,121,102,11,1216,168,9,60.33,87.2,7.585,11.921568627451,57.9,8,64,64.4,9.95,88.4
"136","Cornell Powell","Clemson",1,80,59,53,3,882,124,7,66.25,92.7,11.03,16.6415094339623,73.5,4,35,66,5.1,122
"137","Courtland Sutton","SMU",2,265,174,144,16,2331,338,22,54.33,84.7,8.795,16.1875,93.65,33,103,71.4,9.1,99.1
"138","Craig Burt Jr.","Western Kentucky",1,48,33,23,5,166,13,2,47.92,79.3,3.46,7.21739130434783,16.6,0,9,39.1,15.2,70.3
"139","Curtis Samuel","Ohio State",1,99,82,74,7,865,148,7,74.75,90.2,8.74,11.6891891891892,66.5,11,34,45.9,8.5,115.9
"140","D.J. Brown","Northern Illinois",1,86,63,57,4,496,59,5,66.28,91.5,5.77,8.70175438596491,35.4,0,28,49.1,6.3,91
"141","D.J. Moore","Maryland",2,213,147,121,10,1670,511,14,55.91,81.95,7.91,13.801652892562,67.55,43,69,58,7.1,101.25
"142","D.J. Thompson","Southern Mississippi",1,80,58,44,8,483,43,5,55,75.9,6.04,10.9772727272727,48.3,3,27,61.4,13.8,83.5
"143","D.K. Metcalf","Ole Miss",1,77,51,39,4,646,125,7,50.65,81.3,8.39,16.5641025641026,53.8,8,25,64.1,7.8,93.3
"144","D'Wayne Eskridge","Western Michigan",3,192,132,102,14,2069,342,14,53.9366666666667,80.4666666666667,11.0566666666667,20.2843137254902,81.2,11,76,74.2,10.6666666666667,104.7
"145","Da'Mari Scott","Fresno State",1,86,68,57,4,585,151,1,66.28,85.1,6.8,10.2631578947368,41.8,12,25,43.9,5.9,79.8
"146","DaeSean Hamilton","Penn State",1,84,67,53,7,857,108,9,63.1,80.3,10.2,16.1698113207547,65.9,14,41,77.4,10.4,123
"147","Dahu Green","Arkansas State",1,55,35,32,2,542,23,5,58.18,100,9.85,16.9375,90.3,0,26,81.3,5.7,106.8
"148","Daikiel Shorts Jr.","West Virginia",1,92,68,63,3,894,141,5,68.48,95.5,9.72,14.1904761904762,68.8,11,50,79.4,4.4,108.7
"149","DaMarkus Lodge","Ole Miss",2,186,132,106,15,1575,275,11,56.375,82.25,8.535,14.8584905660377,68.95,10,66,62.05,12.2,88.55
"150","Damion Willis","Troy",1,84,64,56,3,876,124,10,66.67,91.2,10.43,15.6428571428571,79.6,5,37,66.1,4.7,125.8
"151","Damon Hazelton","Ball State",1,93,63,51,6,505,55,4,54.84,81,5.43,9.90196078431373,50.5,6,33,64.7,9.5,75.8
"152","Damon Hazelton","Missouri",1,46,37,30,3,397,64,1,65.22,85.7,8.63,13.2333333333333,49.6,8,18,60,8.1,99.6
"153","Damon Hazelton","Virginia Tech",2,164,109,82,17,1329,223,16,49.305,81.65,8.04,16.2073170731707,62.7,15,58,70.8,15.85,101.25
"154","Damonte Coxie","Memphis",2,247,184,148,15,2450,435,16,59.94,83.4,9.92,16.5540540540541,87.5,32,104,70.3,8.2,103.25
"155","Damore'ea Stringfellow","Ole Miss",1,86,61,46,6,716,80,6,53.49,75,8.33,15.5652173913043,59.7,2,37,80.4,9.8,90.1
"156","Danny Gray","SMU",1,49,40,33,2,448,112,4,67.35,88.6,9.14,13.5757575757576,56,4,19,57.6,5,115
"157","Dante Pettis","Washington",2,175,128,116,6,1583,148,22,66.835,92.8,9.285,13.6465517241379,58.6,17,76,66.15,4.05,118.2
"158","Dante Wright","Colorado State",1,82,65,57,6,805,192,4,69.51,91.9,9.82,14.1228070175439,67.1,8,28,49.1,9.2,96.8
"159","Danzel Mckinley-Lewis","Toledo",1,68,43,36,2,615,49,1,52.94,87.8,9.04,17.0833333333333,51.3,1,27,75,4.7,70.4
"160","Darius Slayton","Auburn",2,147,97,64,13,1313,210,10,43.515,70.35,8.93,20.515625,54.7,6,44,69.05,13.6,92.55
"161","Darnell Mooney","Tulane",2,175,119,95,17,1705,236,13,54.285,86.2,9.735,17.9473684210526,65.6,8,71,74.7,14.3,110.25
"162","Darrell Stewart Jr","Michigan State",3,260,187,149,19,1625,315,7,57.4733333333333,81.0666666666667,6.26333333333333,10.9060402684564,51.5,32,82,55.0666666666667,10.1333333333333,73.7666666666667
"163","Darren Andrews","UCLA",2,180,135,115,10,1482,185,14,63.89,85.7,8.23,12.8869565217391,72.5,11,76,66.1,7.4,101.2
"164","Darren Carrington II","Oregon",1,72,53,43,4,606,44,5,59.72,82.7,8.42,14.093023255814,50.5,3,26,60.5,7.5,104.3
"165","Darren Carrington II","Utah",1,101,78,70,1,980,130,6,69.31,89.7,9.7,14,81.7,9,51,72.9,1.3,107.7
"166","Darreus Rogers","USC",1,81,64,56,3,696,148,4,69.14,88.9,8.59,12.4285714285714,53.5,13,39,69.6,4.7,106.8
"167","Datrin Guyton","Bowling Green",1,78,49,31,7,585,33,2,39.74,68.2,7.5,18.8709677419355,53.2,3,18,58.1,14.3,59
"168","David Bell","Purdue",2,207,159,139,7,1663,351,15,67.31,92.75,8.03,11.9640287769784,95.35,13,82,58.55,3.9,109.7
"169","David Njoku","Miami FL",1,74,53,43,7,698,270,8,58.11,84.3,9.43,16.2325581395349,53.7,17,27,62.8,13.2,125.8
"170","David Sills V","West Virginia",2,221,169,125,17,1966,201,33,56.625,76.05,8.925,15.728,78.8,11,85,68.1,10,116.7
"171","Davon Grayson","East Carolina",1,94,72,59,3,886,191,6,62.77,83.1,9.43,15.0169491525424,80.5,15,40,67.8,4.2,101.6
"172","Davontavean Martin","Washington State",2,172,133,112,10,1249,276,12,64.54,89.65,7.39,11.1517857142857,48.05,10,60,55.75,7.85,93.1
"173","Dax Milne","BYU",1,94,78,70,3,1188,165,8,74.47,91.7,12.64,16.9714285714286,99,2,52,74.3,3.8,140.2
"174","Dazz Newsome","North Carolina",3,244,195,170,15,2208,403,18,69.7433333333333,92.0666666666667,8.93,12.9882352941176,62.6,25,105,60.3333333333333,7.9,114.166666666667
"175","De'Mornay Pierson-El","Nebraska",1,67,52,45,4,623,121,5,67.16,86.5,9.3,13.8444444444444,51.9,13,28,62.2,7.7,109.2
"176","Deangelo Antoine","Florida Atlantic",1,85,63,61,1,771,208,5,71.76,98.3,9.07,12.6393442622951,59.3,6,26,42.6,1.6,109.5
"177","DeAngelo Yancey","Purdue",1,103,66,49,6,951,111,10,47.57,76.6,9.23,19.4081632653061,79.3,6,37,75.5,9.1,88.3
"178","Dede Westbrook","Oklahoma",1,107,87,79,3,1508,294,17,73.83,91.9,14.09,19.0886075949367,116,15,53,67.1,3.4,147.5
"179","Dee Wiggins","Miami FL",1,58,44,31,7,358,19,3,53.45,73.2,6.17,11.5483870967742,32.5,0,15,48.4,15.9,75.2
"180","Deebo Samuel","South Carolina",2,183,146,121,8,1665,487,12,66.54,87.65,9.125,13.7603305785124,75.9,43,70,57.85,5.3,107.15
"181","Demetric Felton","UCLA",1,70,61,55,4,594,268,4,78.57,93,8.49,10.8,49.5,10,24,43.6,6.6,115.1
"182","Demetris Robertson","California",1,90,67,50,4,767,84,7,55.56,75.8,8.52,15.34,63.9,9,26,52,6,105.2
"183","Denzel Mims","Baylor",3,327,235,182,24,2901,437,28,55.91,80.1333333333333,8.84666666666667,15.9395604395604,76.5666666666667,30,137,75,10.3,101.933333333333
"184","Deon Cain","Clemson",2,168,123,96,13,1458,224,15,56.55,80.2,8.825,15.1875,50.35,18,69,74.9,10.55,100.45
"185","Deon Watson","Idaho",1,74,52,38,8,617,129,3,51.35,73.1,8.34,16.2368421052632,51.4,6,28,73.7,15.4,76.2
"186","Deon Yelder","Western Kentucky",1,71,60,53,4,694,93,7,74.65,88.1,9.77,13.0943396226415,57.8,5,38,71.7,6.7,132
"187","Deondre Douglas","Troy",2,174,127,108,8,1374,223,10,62.19,84.6,7.935,12.7222222222222,54.85,14,66,61.7,6.55,95.35
"188","Deontay Burnett","USC",2,212,159,142,12,1736,285,16,67.985,89.15,8.14,12.2253521126761,63.7,25,81,56.15,7.9,101.95
"189","Deshaunte Jones","Iowa State",1,98,83,76,3,877,209,2,77.55,95.9,8.95,11.5394736842105,67.5,7,45,59.2,3.6,110.8
"190","Desmond Dan","New Mexico State",1,76,50,37,4,488,79,3,48.68,80,6.42,13.1891891891892,44.4,4,22,59.5,8,71.6
"191","Devin Asiasi","UCLA",1,69,51,44,1,641,97,4,63.77,89.4,9.29,14.5681818181818,53.4,5,31,70.5,2,101.2
"192","Devin Duvernay","Texas",1,129,111,105,3,1391,377,9,81.4,96.1,10.78,13.247619047619,107,17,68,64.8,2.7,125.2
"193","Devin Gray","Cincinnati",1,109,78,58,7,860,83,5,53.21,77.3,7.89,14.8275862068966,71.7,5,38,65.5,9,79.3
"194","Devin Ross","Colorado",2,194,148,112,18,1295,144,7,57.025,79.9,6.615,11.5625,49.25,9,56,50.25,12.25,72.2
"195","DeVonta Smith","Alabama",2,237,206,184,5,3115,632,37,77.165,91.95,13.345,16.929347826087,119.8,10,129,69.15,2.45,153.65
"196","Dez Fitzpatrick","Louisville",2,151,111,88,12,1532,139,12,58.295,83.7,10.185,17.4090909090909,64.75,8,64,72.9,10.55,105.3
"197","Dezmon Patmon","Washington State",2,171,138,120,10,1582,242,13,70.825,90,9.35,13.1833333333333,60.85,8,83,69.2,7.1,110.9
"198","Dillon Mitchell","Oregon",1,129,94,75,7,1184,164,10,58.14,86.2,9.18,15.7866666666667,91.1,5,51,68,7.4,111.4
"199","Dillon Stoner","Oklahoma State",3,219,167,142,9,1776,178,11,64.7733333333333,89.6333333333333,8.14,12.5070422535211,49.5333333333333,5,77,54,5.4,88.4666666666667
"200","Dimetrios Mason","Missouri",1,76,58,47,6,587,92,3,61.84,82.5,7.72,12.4893617021277,48.9,6,24,51.1,10.3,93.5
"201","Diontae Johnson","Toledo",2,199,144,123,9,2039,319,21,61.25,88.15,10.12,16.5772357723577,74.9,27,82,67.85,6.6,123.25
"202","DJ Chark","LSU",1,68,47,40,3,874,84,3,58.82,87,12.85,21.85,72.8,2,28,70,6.4,105.6
"203","DJ Matthews","Florida State",1,68,52,41,6,380,34,1,60.29,82,5.59,9.26829268292683,31.7,5,17,41.5,11.5,68.3
"204","DJ Stubbs","Liberty",2,141,105,87,7,1147,226,4,67.095,90.25,8.97,13.183908045977,49.75,12,54,61.6,6.35,83.8
"205","DJ Turner","Pittsburgh",1,67,52,44,5,634,79,3,65.67,89.8,9.46,14.4090909090909,57.6,6,26,59.1,9.6,104.9
"206","Donald Gray","Mississippi State",1,70,47,40,3,682,89,5,57.14,87,9.74,17.05,52.5,11,25,62.5,6.4,108.2
"207","Donavon Greene","Wake Forest",1,58,39,29,5,582,88,2,50,81.8,10.03,20.0689655172414,72.8,6,20,69,12.8,89.9
"208","Doni Dowling","Virginia",2,189,140,100,19,1274,239,9,53.45,71.8,6.8,12.74,51.05,23,61,61,13.4,77.9
"209","Donovan Peoples-Jones","Michigan",1,71,54,47,1,612,92,8,66.2,92,8.62,13.0212765957447,47.1,8,30,63.8,1.9,124.9
"210","Dontay Demus Jr","Maryland",1,76,51,41,9,624,88,6,53.95,81.3,8.21,15.219512195122,52,5,26,63.4,17.6,85.6
"211","Drake London","USC",1,48,36,33,1,502,118,3,68.75,91.4,10.46,15.2121212121212,83.7,10,22,66.7,2.8,123.8
"212","Drew Morgan","Arkansas",1,100,73,66,4,759,149,3,66,90.4,7.59,11.5,58.4,14,42,63.6,5.5,86.2
"213","Drew Wolitarsky","Minnesota",1,110,81,66,5,860,127,5,60,82.5,7.82,13.030303030303,66.2,5,47,71.2,6.2,77.1
"214","Duece Watts","Tulane",1,57,42,31,4,512,67,6,54.39,76.9,8.98,16.5161290322581,46.5,1,23,74.2,9.5,112.6
"215","Dyami Brown","North Carolina",2,170,135,106,15,2133,294,20,62.39,81.95,12.55,20.122641509434,89.7,11,83,78.05,11.2,130.95
"216","Dylan Cantrell","Texas Tech",2,201,153,128,7,1485,284,15,64.01,84.6,7.44,11.6015625,64.85,27,93,72.75,4.75,106.6
"217","Dylan Collie","Hawaii",1,87,69,56,3,636,99,4,64.37,83.6,7.31,11.3571428571429,53,5,31,55.4,4.3,91.9
"218","Dylan Drummond","Eastern Michigan",1,84,65,55,8,493,76,3,65.48,88.3,5.87,8.96363636363636,37.9,3,30,54.5,12.3,78.1
"219","Easop Winston","Washington State",2,186,145,137,5,1624,293,19,72.685,96.4,8.68,11.8540145985401,62.45,6,80,58.25,3.8,127.05
"220","Eli Stove","Auburn",1,55,45,44,0,359,65,3,80,100,6.53,8.15909090909091,35.9,2,17,38.6,0,104.5
"221","Elijah Cooks","Nevada",1,121,86,75,8,929,195,8,61.98,90.4,7.68,12.3866666666667,71.5,10,45,60,9.3,100.9
"222","Elijah King","Texas State",1,89,58,53,4,752,86,3,59.55,91.4,8.45,14.188679245283,62.7,3,34,64.2,6.9,79.4
"223","Elijah Moore","Ole Miss",2,220,168,153,11,2043,317,14,70.725,93.45,9.475,13.3529411764706,109.95,13,95,61.85,6.8,107.2
"224","Emanuel Thompson","Troy",1,118,99,80,5,820,208,6,67.8,82.5,6.95,10.25,63.1,24,44,55,5.1,97.4
"225","Emeka Emezie","NC State",3,260,200,156,11,1930,294,12,61.4333333333333,85.7333333333333,7.82666666666667,12.3717948717949,52.3,18,81,52.2666666666667,5.66666666666667,94.1
"226","Emmanuel Logan-Greene","New Mexico",1,47,39,31,4,278,110,0,65.96,77.1,5.91,8.96774193548387,39.7,5,14,45.2,10.3,72.8
"227","Equanimeous St. Brown","Notre Dame",2,165,121,91,12,1476,233,13,54.165,77.05,8.76,16.2197802197802,59.85,13,59,65.25,10.35,91.05
"228","Erik Ezukanma","Texas Tech",2,145,104,88,10,1412,253,10,60.83,87.7,9.75,16.0454545454545,65.05,17,58,66.15,9.65,104.6
"229","Ervin Philips","Syracuse",2,279,218,181,16,1735,335,10,65.08,84.6,6.22,9.58563535911602,72.3,25,91,50.25,7.3,85.5
"230","Evan Engram","Ole Miss",1,94,80,65,7,926,150,8,69.15,81.3,9.85,14.2461538461538,84.2,8,37,56.9,8.8,124.7
"231","Felton Davis III","Michigan State",1,100,70,55,3,774,65,9,55,83.3,7.74,14.0727272727273,59.5,4,42,76.4,4.3,101.8
"232","Flynn Nagel","Northwestern",2,180,142,116,13,1269,275,4,64.65,85.05,6.995,10.9396551724138,48.8,12,66,57.4,10.05,77.35
"233","Fred Ross","Mississippi State",1,122,90,73,11,934,104,12,59.84,81.1,7.66,12.7945205479452,71.8,5,44,60.3,12.2,109.8
"234","Gabe Marks","Washington State",1,134,103,89,7,894,83,13,66.42,88,6.67,10.0449438202247,68.8,6,43,48.3,6.8,114.5
"235","Gabriel Davis","UCF",2,224,155,125,14,2056,268,19,56.08,83.65,9.13,16.448,83.05,10,85,68,8.85,110.85
"236","Garrett Johnson","Kentucky",1,73,55,48,2,539,106,2,65.75,87.3,7.38,11.2291666666667,41.5,13,24,50,3.6,85.4
"237","Garrett Wilson","Ohio State",1,61,49,43,3,723,107,6,70.49,95.1,11.85,16.8139534883721,90.4,3,32,74.4,6.1,129.3
"238","Gary Jennings","West Virginia",2,211,178,151,13,2013,284,14,71.885,84.8,10.195,13.3311258278146,83.85,17,90,62.8,7.1,116.8
"239","Gavin Holmes","Baylor",1,49,38,32,4,248,49,1,65.31,93.8,5.06,7.75,27.6,0,12,37.5,10.5,75.9
"240","George Pickens","Georgia",2,133,99,85,2,1240,128,14,63.815,90,9.285,14.5882352941176,58,4,61,71.1,2.05,119.9
"241","Giovanni Ricci","Western Michigan",1,94,61,51,6,642,131,8,54.26,83.6,6.83,12.5882352941176,49.4,3,34,66.7,9.8,95.3
"242","Glenn Smith","Georgia State",1,68,57,47,7,377,94,1,69.12,85.5,5.54,8.02127659574468,31.4,8,20,42.6,12.3,75.4
"243","Greg Campbell Jr.","UTSA",1,93,66,58,5,658,58,2,62.37,89.2,7.08,11.3448275862069,59.8,1,35,60.3,7.6,81.7
"244","Greg Dortch","Wake Forest",2,206,159,142,6,1800,360,17,69.52,90.85,8.965,12.6760563380282,90.05,19,84,59.8,4,116.55
"245","Gregory Hogan","New Mexico State",1,77,44,32,4,373,69,3,41.56,76.2,4.84,11.65625,31.1,10,20,62.5,9.1,48.2
"246","Gregory Phillips","Purdue",1,68,50,44,5,424,68,2,64.71,89.8,6.24,9.63636363636364,32.6,7,19,43.2,10,85.7
"247","Gunner Romney","BYU",1,56,44,38,3,751,143,2,67.86,85.7,13.41,19.7631578947368,75.1,3,22,57.9,6.8,122.6
"248","Hakeem Butler","Iowa State",2,183,136,100,21,2011,383,15,55.045,74,10.76,20.11,77.35,25,74,73.15,15.45,107.7
"249","Harrison Bryant","Florida Atlantic",2,168,128,110,10,1661,361,11,65.59,89.35,9.85,15.1,66,24,83,73.75,7.25,108
"250","Hasise Dubois","Virginia",2,183,141,127,7,1640,209,11,69.05,91.1,8.76,12.9133858267717,60.2,7,84,65.75,5.4,98.45
"251","Hassan Beydoun","Eastern Michigan",1,55,43,40,1,508,54,0,72.73,94.6,9.24,12.7,101.6,0,26,65,2.3,86
"252","Hayden Hurst","South Carolina",1,81,56,48,3,616,174,1,59.26,87.3,7.6,12.8333333333333,47.4,11,30,62.5,5.4,66.7
"253","Henry Ruggs III","Alabama",1,70,55,46,1,729,265,11,65.71,91.5,10.41,15.8478260869565,48.6,10,36,78.3,1.8,139.8
"254","Hergy Mayala","UCONN",2,157,99,83,3,976,91,12,53.17,92.35,6.115,11.7590361445783,45.8,9,43,51.75,3.05,69.9
"255","Hunter Bryant","Washington",1,82,62,52,6,825,183,3,63.41,87.5,10.06,15.8653846153846,68.8,10,34,65.4,9.7,93.8
"256","Hunter Long","Boston College",1,91,68,57,4,685,104,5,62.64,84.6,7.53,12.0175438596491,62.3,3,35,61.4,5.9,90.2
"257","Hunter Renfrow","Clemson",1,82,66,60,1,602,160,3,73.17,92.2,7.34,10.0333333333333,43,16,39,65,1.5,95.7
"258","Hutch White","Texas State",1,98,78,67,4,618,87,2,68.37,87.7,6.31,9.22388059701493,51.5,4,30,44.8,5.1,75.1
"259","I'Tavius Mathers","Middle Tennessee",1,73,65,61,3,591,275,3,83.56,93.8,8.1,9.68852459016393,49.3,22,25,41,4.6,114.1
"260","Ihmir Smith-Marsette","Iowa",1,74,55,44,5,722,81,5,59.46,90.5,9.76,16.4090909090909,55.5,4,31,70.5,9.1,109.2
"261","Ike Lewis","Appalachian State",1,80,62,51,9,733,144,8,63.75,83.6,9.16,14.3725490196078,56.4,11,31,60.8,14.5,121.5
"262","Isaac Zico","Purdue",1,81,54,46,2,743,139,6,56.79,84.6,9.17,16.1521739130435,57.2,6,29,63,3.7,102
"263","Isaiah Ford","Virginia Tech",1,141,104,79,8,1094,169,7,56.03,78.2,7.76,13.8481012658228,78.1,7,56,70.9,7.7,94.7
"264","Isaiah Graham","Louisiana Tech",1,46,26,20,3,225,32,3,43.48,71.4,4.89,11.25,25,1,14,70,11.5,71.4
"265","Isaiah Harper","Old Dominion",1,79,65,55,5,479,156,1,69.62,88.3,6.06,8.70909090909091,39.9,6,16,29.1,7.7,84.3
"266","Isaiah Hodgins","Oregon State",2,207,156,145,3,2029,233,18,70.08,95.6,9.89,13.9931034482759,87.85,10,106,73.1,2.15,129.2
"267","Isaiah Johnson-Mack","Washington State",1,90,75,60,7,555,93,5,66.67,81.1,6.17,9.25,46.3,9,36,60,9.3,97.2
"268","Isaiah Likely","Coastal Carolina",1,49,41,30,3,601,101,5,61.22,77.4,12.27,20.0333333333333,54.6,7,26,86.7,7.3,129.7
"269","Isaiah McKoy","Kent State",2,161,119,100,10,1298,171,11,62.175,86.85,8.08,12.98,59,9,51,50.2,8.7,107.85
"270","Isaiah Wright","Temple",3,228,157,126,14,1478,289,12,54.9966666666667,84.3666666666667,6.4,11.7301587301587,39.9666666666667,23,81,64.3333333333333,8.86666666666667,80.8666666666667
"271","Isaiah Zuber","Kansas State",2,156,122,103,8,1129,115,9,66.045,86.35,7.25,10.9611650485437,47.75,12,60,58.25,6.5,98.6
"272","Ishmael Zamora","Baylor",1,109,80,63,7,809,189,8,57.8,78.8,7.42,12.8412698412698,80.9,18,36,57.1,8.8,101.8
"273","J'Mon Moore","Missouri",2,229,173,127,22,2094,331,18,56.4,74.7,9.31,16.488188976378,83.75,32,78,61.35,12.4,101.7
"274","Ja'Deion High","Texas Tech",1,85,73,62,6,804,105,4,72.94,89.2,9.46,12.9677419354839,67,5,40,64.5,8.2,108.2
"275","Ja'Marcus Bradley","Louisiana Lafayette",2,171,115,99,6,1381,314,12,57.49,86.75,7.985,13.9494949494949,52.15,16,68,66.55,5.4,96.3
"276","Ja'Marr Chase","LSU",1,124,104,84,6,1780,411,20,67.74,84.9,14.35,21.1904761904762,127.1,23,66,78.6,5.8,140.1
"277","Jace Sternberger","Texas A&M",1,82,51,48,2,832,215,10,58.54,95.9,10.15,17.3333333333333,64,12,37,77.1,3.9,112.4
"278","Jack Sorenson","Miami OH",2,146,116,97,6,1310,195,6,66.3,89.1,8.935,13.5051546391753,56.7,6,63,64.8,5.05,91.35
"279","Jackson Anthrop","Purdue",1,71,56,47,5,424,70,5,66.2,88.7,5.97,9.02127659574468,32.6,7,21,44.7,8.9,88
"280","Jacob Cowing","UTEP",2,143,92,72,15,1241,88,6,50.11,83.85,8.65,17.2361111111111,66.1,0,56,78.9,16.1,91.2
"281","Jacob Harris","UCF",1,54,44,30,6,539,39,8,55.56,80.6,9.98,17.9666666666667,53.9,1,22,73.3,13.6,114.1
"282","Jacob Sannon","Idaho",1,94,72,59,8,608,72,1,62.77,84.3,6.47,10.3050847457627,50.7,7,33,55.9,11.1,80.5
"283","JaCorey Sullivan","Central Michigan",1,82,65,57,4,808,157,3,69.51,93.1,9.85,14.1754385964912,62.2,15,39,68.4,6.2,98
"284","Jadan Blue","Temple",2,206,158,136,16,1436,303,9,67.06,91.9,6.755,10.5588235294118,71.8,6,66,48.6,8.4,87.85
"285","Jaden Walley","Mississippi State",1,85,65,52,7,718,176,2,61.18,84.2,8.45,13.8076923076923,65.3,9,32,61.5,10.8,76.5
"286","Jaelon Darden","North Texas",2,225,172,150,15,1926,295,31,66.675,90.75,8.55,12.84,96.75,3,85,56.75,8.7,119.85
"287","Jah'Marae Sheread","Texas State",1,49,33,29,2,334,59,2,59.18,93.1,6.82,11.5172413793103,30.4,1,16,55.2,6.1,76.4
"288","Jahan Dotson","Penn State",1,87,61,52,3,884,91,8,59.77,90.6,10.16,17,98.2,2,38,73.1,4.9,110.5
"289","Jahcour Pearson","Western Kentucky",1,111,86,76,9,809,218,7,68.47,88,7.29,10.6447368421053,62.2,6,41,53.9,10.5,103
"290","Jaivon Heiligh","Coastal Carolina",2,167,130,111,13,1496,181,13,66.025,88.55,8.73,13.4774774774775,62.35,6,76,67.35,9.9,115.9
"291","Jake Bobo","Duke",1,53,39,32,3,358,78,1,60.38,91.4,6.75,11.1875,32.5,3,23,71.9,7.7,79
"292","Jake Butt","Michigan",1,72,52,46,5,546,109,4,63.89,88.5,7.58,11.8695652173913,42,8,31,67.4,9.6,93.9
"293","Jake Maulhardt","Wyoming",1,79,43,35,4,537,42,3,44.3,83.3,6.8,15.3428571428571,44.8,2,21,60,9.3,48.3
"294","Jakobi Meyers","NC State",2,217,175,155,8,1774,302,9,70.83,88.4,8.11,11.4451612903226,73.95,26,90,59.2,4.85,101.75
"295","Jaleel Scott","New Mexico State",1,123,88,76,8,1091,80,9,61.79,86.2,8.87,14.3552631578947,83.9,2,49,64.5,9.1,104.8
"296","Jalen Camp","Georgia Tech",1,49,35,29,3,439,35,4,59.18,86.7,8.96,15.1379310344828,43.9,0,20,69,8.6,90.4
"297","Jalen Cropper","Fresno State",1,57,44,37,5,520,70,5,64.91,87.8,9.12,14.0540540540541,86.7,3,28,75.7,11.4,116.1
"298","Jalen Greene","Utah State",1,71,52,43,3,687,123,6,60.56,89.6,9.68,15.9767441860465,52.8,3,28,65.1,5.8,109.3
"299","Jalen Guyton","North Texas",2,178,130,103,17,1580,149,15,58.005,81.8,8.92,15.3398058252427,60.75,14,67,64.8,12.7,109.45
"300","Jalen Hurd","Baylor",1,107,79,68,7,943,125,4,63.55,88.2,8.81,13.8676470588235,78.6,5,51,75,8.9,92.5
"301","Jalen McCleskey","Oklahoma State",2,165,132,123,4,1457,205,12,74.56,93.75,8.96,11.8455284552846,56.05,15,65,53.05,2.85,114.4
"302","Jalen McCleskey","Tulane",1,66,42,38,2,578,98,4,57.58,94.7,8.76,15.2105263157895,44.5,5,22,57.9,4.8,94.1
"303","Jalen Nailor","Michigan State",1,57,32,26,5,515,67,4,45.61,92.3,9.04,19.8076923076923,73.6,1,22,84.6,15.6,64.6
"304","Jalen Reagor","TCU",2,229,144,115,15,1667,257,14,49.645,85,7.175,14.495652173913,66.05,7,72,62.65,11.55,78.2
"305","Jalen Robinette","Air Force",1,71,44,35,2,959,137,6,49.3,81.4,13.51,27.4,73.8,8,28,80,4.5,94.1
"306","Jalen Tolbert","South Alabama",1,112,82,64,4,1085,166,8,57.14,83.3,9.69,16.953125,98.6,2,44,68.8,4.9,110.2
"307","Jalen Wayne","South Alabama",1,53,39,33,1,418,49,1,62.26,93.9,7.89,12.6666666666667,38,1,19,57.6,2.6,85.3
"308","Jalen Wydermyer","Texas A&M",1,69,58,46,3,506,81,6,66.67,80.8,7.33,11,50.6,2,30,65.2,5.2,117.2
"309","Jalon Calhoun","Duke",1,68,51,39,8,349,107,2,57.35,82.2,5.13,8.94871794871795,31.7,6,18,46.2,15.7,62.7
"310","Jamal Custis","Syracuse",1,89,66,51,4,906,89,6,57.3,78.1,10.18,17.7647058823529,69.7,3,34,66.7,6.1,105.4
"311","Jamal Morrow","Washington State",1,75,68,60,5,506,207,5,80,90.8,6.75,8.43333333333333,38.9,24,26,43.3,7.4,111.4
"312","Jamari Staples","Louisville",1,74,48,36,5,615,74,2,48.65,78.3,8.31,17.0833333333333,51.3,5,29,80.6,10.4,80.6
"313","Jamarius Way","South Alabama",2,188,140,108,10,1617,272,11,57.315,82.1,8.595,14.9722222222222,67.4,31,68,64,7.35,89.5
"314","James Gardner","Miami OH",2,183,114,93,9,1677,118,17,50.97,81.8,9.14,18.0322580645161,72.75,7,78,83.8,8,101.9
"315","James Proche","SMU",3,411,303,261,18,3131,434,33,63.13,90.2,7.63666666666667,11.9961685823755,84.3666666666667,30,148,56.2333333333333,5.93333333333333,97.1666666666667
"316","James Quick","Louisville",1,69,57,45,10,769,42,6,65.22,80,11.14,17.0888888888889,59.2,1,24,53.3,17.5,119.8
"317","James Washington","Oklahoma State",2,249,186,145,12,2919,368,23,58.355,79.7,11.765,20.1310344827586,112.3,25,111,76.6,6.4,123.15
"318","James Williams","Washington State",2,174,165,154,9,1095,432,7,88.45,93.8,6.27,7.11038961038961,42.15,56,51,32.95,5.5,103.6
"319","Jamire Calvin","Washington State",1,67,55,41,9,497,91,1,61.19,76.9,7.42,12.1219512195122,38.2,3,26,63.4,16.4,89
"320","Jamire Jordan","Fresno State",1,73,49,39,6,607,56,2,53.42,81.3,8.32,15.5641025641026,55.2,6,22,56.4,12.2,73.3
"321","Jaquarii Roberson","Wake Forest",1,88,69,62,3,926,181,8,70.45,94.8,10.52,14.9354838709677,102.9,5,43,69.4,4.3,120.7
"322","Jared Pinkney","Vanderbilt",1,86,59,50,5,774,155,7,58.14,86.2,9,15.48,59.5,12,35,70,8.5,105.5
"323","Jared Rice","Fresno State",1,73,66,55,3,664,135,3,75.34,88.7,9.1,12.0727272727273,47.4,6,33,60,4.5,110.8
"324","Jared Smart","Hawaii",2,176,141,123,8,1443,297,6,70.985,91.25,7.685,11.7317073170732,55.25,16,73,56.6,5.45,101.6
"325","Jarrin Pierce","Middle Tennessee",2,147,112,101,8,1146,180,7,68.255,90.25,7.815,11.3465346534653,55.85,4,48,48.25,7.5,98.9
"326","Jason Brownlee","Southern Mississippi",1,58,45,34,4,606,83,5,58.62,82.5,10.45,17.8235294117647,60.6,3,23,67.6,8.9,101.7
"327","Jason Huntley","New Mexico State",1,72,52,47,3,517,104,3,65.28,91.8,7.18,11,43.1,4,19,40.4,5.8,82.9
"328","Jason-Matthew Sharsh","Hawaii",1,119,100,87,4,909,112,5,73.11,97.7,7.64,10.448275862069,60.6,5,50,57.5,4,101.8
"329","Jauan Jennings","Tennessee",1,95,72,59,5,969,283,8,62.11,86.2,10.2,16.4237288135593,74.5,21,43,72.9,6.9,106.9
"330","Jauan Wesley","Northern Illinois",1,87,70,54,6,619,48,2,62.07,83.3,7.11,11.462962962963,44.2,2,32,59.3,8.6,81.5
"331","Javon Ivory","Memphis",1,46,32,24,2,361,60,3,52.17,91.7,7.85,15.0416666666667,36.1,1,17,70.8,6.3,90.9
"332","Javon McKinley","Notre Dame",1,58,45,42,3,717,60,3,72.41,95.1,12.36,17.0714285714286,59.8,0,30,71.4,6.7,131.2
"333","Javon Wims","Georgia",1,76,59,45,4,720,107,7,59.21,77.6,9.47,16,48,14,36,80,6.8,110.6
"334","Jawuan Harris","Rutgers",1,78,45,39,3,481,66,3,50,84.4,6.17,12.3333333333333,43.7,0,24,61.5,6.7,60.9
"335","Jayden Reed","Michigan State",1,54,39,34,3,407,114,3,62.96,89.5,7.54,11.9705882352941,58.1,3,20,58.8,7.7,81.3
"336","Jayden Reed","Western Michigan",1,89,68,56,8,796,184,8,62.92,83.1,8.94,14.2142857142857,61.2,15,37,66.1,11.8,107.7
"337","Jaylen Samuels","NC State",2,178,158,129,12,1157,332,11,72.075,82.3,6.53,8.96899224806202,44.5,20,59,46.4,7.65,108
"338","Jaylen Smith","Louisville",2,173,121,96,14,1530,177,8,54.76,83.15,8.68,15.9375,71.9,6,74,77.8,12.1,77.75
"339","Jaylon Redd","Oregon",1,70,54,50,4,464,85,7,71.43,95.7,6.63,9.28,38.7,4,27,54,7.4,110.7
"340","Jaylon Robinson","UCF",1,89,65,55,4,979,115,6,61.8,91.5,11,17.8,97.9,2,38,69.1,6.2,117.2
"341","Jazz Peavy","Wisconsin",1,86,56,43,11,635,65,5,50,76.8,7.38,14.7674418604651,48.8,0,31,72.1,19.6,89.1
"342","JD Spielman","Nebraska",3,271,195,170,11,2546,417,15,62.93,89.4666666666667,9.53666666666667,14.9764705882353,77.3666666666667,25,114,67.5666666666667,5.93333333333333,98.3333333333333
"343","Jeremiah Haydel","Texas State",1,67,45,40,3,408,39,4,59.7,92.7,6.09,10.2,34,1,20,50,6.7,78.5
"344","Jerico Richardson","Nevada",1,70,34,26,6,271,35,1,37.14,78.8,3.87,10.4230769230769,22.6,4,13,50,17.6,42
"345","Jermaine Burton","Georgia",1,54,36,27,3,404,23,3,50,86.7,7.48,14.962962962963,40.4,3,19,70.4,8.3,54.9
"346","Jerome Lane","Akron",1,102,71,62,7,1018,130,6,60.78,88.6,9.98,16.4193548387097,84.8,6,46,74.2,9.9,89.4
"347","Jerreth Sterns","Houston Baptist",1,50,39,37,2,361,50,4,74,94.9,7.22,9.75675675675676,120.3,3,19,51.4,5.1,112.2
"348","Jerry Jeudy","Alabama",2,213,165,145,10,2478,439,24,68.01,91.5,11.67,17.0896551724138,88.6,17,105,72.65,6.05,125.85
"349","Jesse Matthews","San Diego State",1,71,49,48,0,633,45,2,67.61,97.8,8.92,13.1875,48.7,2,34,70.8,0,105
"350","Jester Weah","Pittsburgh",1,82,52,41,5,698,163,4,50,78.4,8.51,17.0243902439024,58.2,11,26,63.4,9.6,85.3
"351","Jha'Quan Jackson","Tulane",1,51,35,32,3,431,46,8,62.75,94.1,8.45,13.46875,35.9,5,22,68.8,8.6,104.7
"352","Jhamon Ausbon","Texas A&M",2,187,144,116,12,1443,142,8,61.85,81.25,7.675,12.4396551724138,55.5,11,76,65.35,8.6,88.6
"353","Jimmy Williams","East Carolina",1,82,60,45,10,818,194,8,54.88,77.6,9.98,18.1777777777778,68.2,12,28,62.2,16.7,106.7
"354","JJ Arcega-Whiteside","Stanford",2,174,132,111,4,1840,240,23,63.54,84.65,10.52,16.5765765765766,76.7,11,83,74.55,3.3,127.95
"355","Jo'quavious Marks","Mississippi State",1,70,64,61,2,272,94,0,87.14,96.7,3.89,4.45901639344262,24.7,4,14,23,3.1,82.9
"356","Joe Reed","Virginia",1,111,84,77,3,679,163,7,69.37,98.6,6.12,8.81818181818182,52.2,8,37,48.1,3.6,98.9
"357","John Hightower","Boise State",1,92,62,51,7,935,81,8,55.43,84.2,10.16,18.3333333333333,66.8,2,31,60.8,11.3,110.6
"358","John Metchie III","Alabama",1,79,66,55,3,916,106,6,69.62,83.9,11.59,16.6545454545455,70.5,2,35,63.6,4.5,128.5
"359","John Ross","Washington",1,127,92,79,5,1143,170,16,62.2,88.8,9,14.4683544303797,81.6,19,51,64.6,5.4,127.7
"360","John Ursua","Hawaii",2,233,183,141,20,1995,289,19,60.905,81.6,8.37,14.1489361702128,74.95,28,87,60.7,10.9,99
"361","Johnathan Boone","New Mexico State",1,109,79,60,8,728,54,3,55.05,81.1,6.68,12.1333333333333,60.7,4,39,65,10.1,73.5
"362","Johnathan Lloyd","Duke",1,90,61,51,7,604,73,5,56.67,87.5,6.71,11.843137254902,46.5,1,25,49,11.5,72.6
"363","Johnathon Johnson","Missouri",2,166,124,100,13,1461,156,11,59.755,84,8.875,14.61,56.2,4,59,58.9,10.65,95.15
"364","Johnny Johnson III","Oregon",1,89,64,57,6,836,64,7,64.04,93.1,9.39,14.6666666666667,59.7,0,38,66.7,9.4,106.8
"365","JoJo Natson Jr.","Akron",1,108,71,59,6,837,85,10,54.63,83.1,7.75,14.1864406779661,69.8,9,33,55.9,8.5,95.3
"366","JoJo Ward","Hawaii",2,222,157,116,23,1999,220,20,52.065,77,8.965,17.2327586206897,68.7,7,82,70.45,14.6,99.75
"367","Jon'Vea Johnson","Toledo",1,73,55,42,10,689,55,5,57.53,79.2,9.44,16.4047619047619,49.2,7,32,76.2,18.2,106.5
"368","Jonathan Adams Jr.","Arkansas State",2,227,170,141,13,1962,224,17,61.89,88.05,8.605,13.9148936170213,88.3,8,96,67.35,7,108
"369","Jonathan Duhart","Old Dominion",2,209,146,122,6,1786,394,18,59.015,87.3,8.74,14.6393442622951,72.05,29,82,68.95,3.65,107.75
"370","Jonathan Giles","Texas Tech",1,97,80,69,7,1158,162,13,71.13,87.3,11.94,16.7826086956522,96.5,6,48,69.6,8.8,150.7
"371","Jonathan Hodoh","Louisiana-Monroe",1,47,27,22,4,251,27,0,46.81,84,5.34,11.4090909090909,25.1,0,9,40.9,14.8,45.6
"372","Jonathan Mingo","Ole Miss",1,52,38,27,6,379,95,3,51.92,75.9,7.29,14.037037037037,37.9,2,20,74.1,15.8,55.4
"373","Jonathan Ward","Central Michigan",1,77,59,49,4,474,157,3,63.64,84.5,6.16,9.6734693877551,36.5,18,17,34.7,6.8,82.9
"374","Jonnu Smith","FIU",1,70,55,42,5,506,125,4,60,77.8,7.23,12.047619047619,46,12,28,66.7,9.1,77.4
"375","Jordan Addison","Pittsburgh",1,89,75,60,13,662,125,4,67.42,82.9,7.44,11.0333333333333,66.2,6,31,51.7,17.3,90.2
"376","Jordan Lasley","UCLA",2,186,147,110,22,1884,470,14,58.415,75.45,9.83,17.1272727272727,98.4,28,72,65.55,14.5,105.15
"377","Jordan Leggett","Clemson",1,72,53,46,4,736,130,7,63.89,86.8,10.22,16,49.1,8,34,73.9,7.5,113
"378","Jordan Nathan","Utah State",1,83,62,56,4,581,70,1,67.47,90.9,7,10.375,44.7,6,28,50,6.5,86.5
"379","Jordan Reid","Ohio",1,90,64,57,5,616,93,6,63.33,90.5,6.84,10.8070175438596,44,2,32,56.1,7.8,101
"380","Jordan Veasy","California",1,69,46,38,3,491,25,6,55.07,84.4,7.12,12.9210526315789,40.9,1,23,60.5,6.5,100.6
"381","Josh Ali","Kentucky",1,76,63,54,4,473,125,1,71.05,91.1,6.22,8.75925925925926,43,6,22,40.7,6.3,75.2
"382","Josh Atkinson","Tulsa",1,122,90,78,5,1058,142,8,63.93,87.5,8.67,13.5641025641026,81.4,12,54,69.2,5.6,103.1
"383","Josh Imatorbhebhe","Illinois",1,46,29,22,4,297,86,3,47.83,86.4,6.46,13.5,42.4,3,13,59.1,13.8,90.6
"384","Josh Johnson","Tulsa",2,162,107,82,13,994,69,7,50.675,81.4,6.185,12.1219512195122,48.35,3,42,51.3,11.9,70.35
"385","Josh Knight","Marshall",1,87,73,61,4,607,110,5,70.11,84.7,6.98,9.95081967213115,55.2,10,28,45.9,5.5,104
"386","Josh Malone","Tennessee",1,77,56,50,4,972,145,11,64.94,87.5,12.62,19.44,74.8,6,39,78,7.1,142.5
"387","Josh Oliver","San Jose State",1,103,73,56,8,709,128,4,54.37,83.9,6.88,12.6607142857143,59.1,1,40,71.4,11,76.9
"388","Josh Palmer","Tennessee",1,61,39,33,0,475,51,4,54.1,86.5,7.79,14.3939393939394,47.5,1,23,69.7,0,81
"389","Josh Pederson","Louisiana-Monroe",2,135,99,75,13,934,83,9,55.255,85.25,6.855,12.4533333333333,42,3,49,64.95,13.1,80.75
"390","Josh Reynolds","Texas A&M",1,96,76,61,6,1039,153,12,63.54,82.4,10.82,17.0327868852459,79.9,5,47,77,7.9,126.7
"391","Josh Stewart","UTSA",1,72,47,39,4,518,85,3,54.17,86.4,7.19,13.2820512820513,47.1,5,27,69.2,8.5,73.7
"392","Joshua Cephus","UTSA",1,88,65,58,1,547,95,5,65.91,96.6,6.22,9.43103448275862,45.6,4,35,60.3,1.5,101.8
"393","Joshua Moore","Texas",1,57,37,30,2,472,60,9,52.63,85.7,8.28,15.7333333333333,47.2,3,22,73.3,5.4,105.4
"394","Joshua Simon","Western Kentucky",1,55,44,33,6,370,56,3,60,82.9,6.73,11.2121212121212,30.8,3,19,57.6,13.6,83.1
"395","Josiah Deguara","Cincinnati",1,71,47,39,4,504,69,7,54.93,85.4,7.1,12.9230769230769,36,1,26,66.7,8.5,92.7
"396","Jovon Durante","Florida Atlantic",1,99,77,66,7,879,130,5,66.67,90.3,8.88,13.3181818181818,73.3,2,33,50,9.1,90.4
"397","Juancarlos Santana","Tulsa",1,57,41,34,3,544,117,4,59.65,86.5,9.54,16,60.4,5,24,70.6,7.3,107.6
"398","JuJu Smith-Schuster","USC",1,109,87,70,6,914,249,10,64.22,81.4,8.39,13.0571428571429,70.3,12,41,58.6,6.9,113.5
"399","Justin Garrett","UTEP",1,59,42,39,1,513,57,3,66.1,95.1,8.69,13.1538461538462,64.1,1,25,64.1,2.4,96.2
"400","Justin Hall","Ball State",4,373,308,257,31,2767,838,13,69.9475,86.425,7.7725,10.7665369649805,67.525,69,128,49.925,9.6,97.025
"401","Justin Hobbs","Tulsa",3,269,194,143,25,1986,479,10,53.2433333333333,75.9666666666667,7.31666666666667,13.8881118881119,53.7,26,90,62.5666666666667,12.8,75.6666666666667
"402","Justin Jefferson","LSU",2,225,189,165,11,2415,358,24,71.09,88.85,10.555,14.6363636363636,85,19,108,65.8,6.8,130.75
"403","Justin McInnis","Arkansas State",2,174,135,110,6,1548,304,9,63.61,83.9,9.145,14.0727272727273,62.1,17,73,66.65,4.35,100.75
"404","Justyn Ross","Clemson",2,181,138,112,11,1865,306,17,61.92,86.35,10.795,16.6517857142857,64.25,16,73,66.5,7.55,121.25
"405","Juwan Johnson","Penn State",1,79,68,54,4,701,132,1,68.35,81.8,8.87,12.9814814814815,53.9,8,39,72.2,5.9,95
"406","K.D. Nixon","Colorado",1,72,58,52,4,636,91,4,72.22,94.5,8.83,12.2307692307692,57.8,3,28,53.8,6.9,117.6
"407","K.J. Hill","Ohio State",3,246,207,183,13,2070,398,19,74.9566666666667,90.4666666666667,8.35333333333333,11.3114754098361,49.2666666666667,24,108,58.7,6.16666666666667,120.3
"408","K.J. Osborn","Buffalo",1,108,71,53,7,892,197,7,49.07,79,8.26,16.8301886792453,63.7,12,36,67.9,9.9,91.3
"409","K.J. Osborn","Miami FL",1,85,65,50,5,547,67,5,58.82,81.7,6.44,10.94,42.1,4,32,64,7.7,97.5
"410","Ka'Raun White","West Virginia",2,191,136,109,13,1587,282,17,57.355,81,8.165,14.5596330275229,65.1,16,72,66.15,9.45,90.75
"411","Kadarius Toney","Florida",1,87,80,70,4,984,189,10,80.46,94.2,11.31,14.0571428571429,89.5,12,47,67.1,5,133
"412","Kaden Smith","Stanford",1,69,54,47,3,635,110,2,68.12,90.5,9.2,13.5106382978723,63.5,9,27,57.4,5.6,82.7
"413","Kahlil Lewis","Cincinnati",3,275,188,165,8,2063,247,21,60.0933333333333,89.1333333333333,7.57,12.5030303030303,57.1666666666667,12,99,60.4333333333333,4.2,95.4333333333333
"414","Kaleb Fossum","Nevada",1,98,81,69,6,737,133,1,70.41,87.3,7.52,10.6811594202899,56.7,11,38,55.1,7.4,82.7
"415","Kalib Woods","Florida Atlantic",1,100,85,65,10,874,84,1,65,76.5,8.74,13.4461538461538,79.5,12,41,63.1,11.8,91.8
"416","Kalija Lipscomb","Vanderbilt",3,271,204,170,11,2031,385,20,60.8766666666667,84.3333333333333,7.59,11.9470588235294,55.7333333333333,25,90,53.6,6.36666666666667,98
"417","Kalil Pimpleton","Central Michigan",1,122,97,82,11,899,147,6,67.21,86.7,7.37,10.9634146341463,64.2,6,44,53.7,11.3,91.5
"418","Kanawai Noa","California",1,89,66,57,3,795,120,4,64.04,87.5,8.93,13.9473684210526,72.3,5,38,66.7,4.5,98.3
"419","Kavious Price","Kent State",1,69,56,48,6,508,138,3,69.57,86.8,7.36,10.5833333333333,39.1,5,21,43.8,10.7,99.2
"420","Kawaan Baker","South Alabama",2,140,105,86,11,1233,323,11,61.275,83.7,8.8,14.3372093023256,56.85,19,50,60.2,10.65,106.85
"421","Kaylon Geiger","Troy",2,195,153,141,8,1611,311,8,72.165,93.2,8.255,11.4255319148936,70,11,75,52.9,5.45,90.25
"422","Kayshon Boutte","LSU",1,77,59,45,5,734,190,5,58.44,86.7,9.53,16.3111111111111,73.4,4,30,66.7,8.5,106.7
"423","KD Cannon","Baylor",1,142,102,87,8,1215,230,13,61.27,85.3,8.56,13.9655172413793,101.3,9,46,52.9,7.8,104.6
"424","Kearis Jackson","Georgia",1,54,43,36,1,514,46,3,66.67,85.7,9.52,14.2777777777778,51.4,1,23,63.9,2.3,108.1
"425","Kedarian Jones","Memphis",1,66,49,39,5,609,108,4,59.09,84.1,9.23,15.6153846153846,43.5,8,26,66.7,10.2,103.7
"426","Keenen Brown","Texas State",1,75,59,52,3,571,189,5,69.33,91.1,7.61,10.9807692307692,47.6,14,27,51.9,5.1,108.3
"427","Keenen Johnson","Tulsa",2,150,110,90,10,1107,202,4,60.025,82.8,7.385,12.3,46.1,13,40,44.45,9.1,83.55
"428","Keeon Johnson","Virginia",1,96,65,49,10,476,63,3,51.04,75,4.96,9.71428571428571,39.7,6,25,51,15.4,54
"429","KeeSean Johnson","Fresno State",3,368,265,231,17,3051,497,20,62.4533333333333,87.8,8.17333333333333,13.2077922077922,77.1333333333333,37,126,54.1,6.8,96.5666666666667
"430","Keevan Lucas","Tulsa",1,134,105,79,13,1172,155,15,58.96,76.7,8.75,14.8354430379747,90.2,14,51,64.6,12.4,109.4
"431","Keith Corbin","Houston",2,123,90,67,14,1043,127,11,55.325,78.2,8.31,15.5671641791045,53.95,3,50,73.95,15.4,89.95
"432","Keith Kirkwood","Temple",1,72,54,45,3,671,125,7,62.5,86.5,9.32,14.9111111111111,51.6,9,38,84.4,5.6,108
"433","Keith Mixon Jr.","Western Michigan",1,71,54,50,2,500,170,2,70.42,94.3,7.04,10,38.5,8,24,48,3.7,87.8
"434","Keke Chism","Missouri",1,58,43,35,2,458,49,1,60.34,89.5,7.9,13.0857142857143,50.9,1,23,65.7,4.7,83.8
"435","Keke Coutee","Texas Tech",2,206,174,148,12,2314,465,17,70.785,85.6,11.12,15.6351351351351,91.85,42,96,64.25,6.95,125.85
"436","Kelvin Harmon","NC State",2,234,178,150,11,2203,271,11,64.015,87.05,9.4,14.6866666666667,88.5,16,102,68,6.3,106.6
"437","Kendall Hinton","Wake Forest",1,107,83,73,7,1001,200,4,68.22,90.4,9.36,13.7123287671233,91,9,47,64.4,8.4,102.6
"438","Kendrick Edwards","Arkansas State",1,67,51,37,3,417,48,3,55.22,73.5,6.22,11.2702702702703,34.8,5,26,70.3,5.9,76.5
"439","Kenny Golladay","Northern Illinois",1,137,101,83,7,1118,136,8,60.58,83,8.16,13.4698795180723,93.2,9,50,60.2,6.9,103
"440","Keon Hatcher","Arkansas",1,72,51,44,4,743,113,8,61.11,88,10.32,16.8863636363636,61.9,9,35,79.5,7.8,121.5
"441","KeVonn Mabon","Ball State",1,128,102,84,7,969,243,3,65.63,82.2,7.57,11.5357142857143,80.8,19,56,66.7,6.9,79.9
"442","Keylon Stokes","Tulsa",3,252,181,149,18,2259,447,11,59.2033333333333,90.4666666666667,8.83666666666667,15.1610738255034,68.7333333333333,19,106,71,9.26666666666667,82.5666666666667
"443","Khalil McClain","Troy",2,122,87,77,4,945,98,13,62.8,89.7,7.685,12.2727272727273,40.8,2,54,69.05,4.9,106.2
"444","Khalil Shakir","Boise State",2,176,136,115,7,1591,244,12,65.315,92.4,9.035,13.8347826086957,82.5,11,75,64.7,4.95,105.35
"445","Kirk Merritt","Arkansas State",2,217,175,153,13,1817,390,19,70.405,91.65,8.355,11.8758169934641,69.9,19,76,49.6,7.6,113.6
"446","KJ Hamler","Penn State",2,176,124,98,12,1658,238,13,55.415,85.05,9.425,16.9183673469388,63.75,3,69,70.85,9.15,105.3
"447","Kobay White","Boston College",1,73,43,34,5,423,115,2,46.58,78.6,5.79,12.4411764705882,32.5,4,19,55.9,11.6,51.3
"448","Kobe Smith","San Diego State",1,96,78,58,9,691,73,4,60.42,81.4,7.2,11.9137931034483,53.2,5,32,55.2,11.5,83.3
"449","Korey Robertson","Southern Mississippi",1,120,92,76,6,1098,270,12,63.33,83.5,9.15,14.4473684210526,84.5,26,50,65.8,6.5,119.4
"450","Kwadarrius Smith","Akron",2,138,88,67,10,1270,147,10,48.57,78.55,9.225,18.955223880597,50.6,8,50,74.55,11.45,84.2
"451","Kwamie Lassiter II","Kansas",1,65,47,43,2,458,54,2,66.15,93.3,7.05,10.6511627906977,50.9,2,22,51.2,4.3,96.8
"452","Kyle Philips","UCLA",2,146,113,98,6,1051,193,7,67.045,92.4,7.07,10.7244897959184,54.85,10,51,52.15,4.75,89.35
"453","Kyle Pitts","Florida",2,146,114,97,6,1419,201,17,66.325,90.9,9.89,14.6288659793814,73.1,8,74,77.75,4.55,123.6
"454","Kyle Sweet","Washington State",1,84,71,58,9,533,66,2,69.05,82.9,6.35,9.18965517241379,41,2,29,50,12.7,69.2
"455","Kyle Williams","Arizona State",1,93,74,69,2,757,174,7,74.19,93.2,8.14,10.9710144927536,58.2,11,37,53.6,2.7,114
"456","Kyle Williams","UNLV",1,54,38,35,3,426,86,2,64.81,94.3,7.89,12.1714285714286,71,3,22,62.9,7.9,93.6
"457","Kylen Granson","SMU",1,56,41,35,5,536,118,5,62.5,85,9.57,15.3142857142857,53.6,3,24,68.6,12.2,108.9
"458","Kyren Lacy","Louisiana Lafayette",1,51,36,28,3,364,18,4,54.9,80.6,7.14,13,33.1,2,19,67.9,8.3,79.2
"459","Kyric McGowan","Northwestern",1,48,39,34,3,366,31,0,70.83,88.2,7.63,10.7647058823529,45.8,3,22,64.7,7.7,84.2
"460","La'Michael Pettway","Iowa State",1,88,66,55,6,676,72,6,62.5,88.3,7.68,12.2909090909091,52,4,38,69.1,9.1,99.4
"461","LaQuvionte Gonzalez","Kansas",1,100,73,62,5,729,247,3,62,84.7,7.29,11.758064516129,60.8,28,26,41.9,6.8,73.3
"462","Larry Rose III","New Mexico State",1,80,65,55,6,522,150,2,68.75,84.6,6.53,9.49090909090909,43.5,13,23,41.8,9.2,84.5
"463","Lavern Jacobs","Maryland",1,73,51,41,1,439,88,2,56.16,80.4,6.01,10.7073170731707,36.6,13,20,48.8,2,60.2
"464","Laviska Shenault Jr.","Colorado",2,192,160,143,12,1783,491,10,73.76,90.65,9.305,12.4685314685315,91.35,20,78,55.3,7.5,112.85
"465","Lil'Jordan Humphrey","Texas",1,120,100,86,6,1176,337,9,71.67,92,9.8,13.6744186046512,84,22,56,65.1,6,113.8
"466","Linell Bonner","Houston",2,247,205,178,11,2012,352,8,72.285,90.3,8.16,11.3033707865169,87.25,32,101,56.95,5.45,92.45
"467","Lucky Jackson","Western Kentucky",2,216,156,144,5,1689,243,8,65.365,93.55,7.6,11.7291666666667,66.75,12,77,53.15,3.3,89.95
"468","Luke Timian","Indiana",1,107,84,68,8,589,120,2,63.55,84,5.5,8.66176470588235,49.1,10,29,42.6,9.5,68.6
"469","Lynn Bowden Jr.","Kentucky",1,86,74,67,4,745,264,5,77.91,94.3,8.66,11.1194029850746,57.3,11,32,47.8,5.4,102.8
"470","Malachi Carter","Georgia Tech",1,47,32,19,5,286,41,3,40.43,78.3,6.09,15.0526315789474,28.6,6,13,68.4,15.6,55.8
"471","Malcolm Williams","Coastal Carolina",2,147,108,90,6,1500,240,12,61.245,85.6,10.2,16.6666666666667,62.5,6,61,67.95,5.6,102.95
"472","Malik Heath","Mississippi State",1,61,41,37,2,307,79,3,60.66,89.5,5.03,8.2972972972973,30.7,2,15,40.5,4.9,90
"473","Malik Turner","Illinois",1,95,65,48,4,712,63,6,50.53,77,7.49,14.8333333333333,64.7,7,34,70.8,6.2,83.3
"474","Malik Williams","Appalachian State",2,151,108,97,4,1136,115,7,64.285,96.1,7.615,11.7113402061856,45.8,3,58,58.65,3.5,91.55
"475","Marcel Williams","Marshall",1,71,51,41,4,512,79,2,57.75,80.4,7.21,12.4878048780488,46.5,7,26,63.4,7.8,72
"476","Marcell Ateman","Oklahoma State",1,89,72,59,4,1156,183,8,66.29,83.1,12.99,19.5932203389831,88.9,5,48,81.4,5.6,134.7
"477","Marcell Barbee","Texas State",1,72,48,40,4,584,64,10,55.56,88.4,8.11,14.6,48.7,3,26,65,8.3,116
"478","Marcus Armstrong-Brown","Hawaii",1,89,61,50,2,573,72,2,56.18,89.1,6.44,11.46,40.9,3,33,66,3.3,73.9
"479","Marcus Green","Louisiana-Monroe",2,168,134,106,24,1709,491,13,63.08,81.35,10.175,16.122641509434,71.2,15,65,61.35,17.85,117.95
"480","Marcus Kemp","Hawaii",1,120,87,73,3,1100,183,8,60.83,84.9,9.17,15.0684931506849,78.6,17,45,61.6,3.4,99.3
"481","Mark Andrews","Oklahoma",1,91,71,62,2,958,123,8,68.13,89.9,10.53,15.4516129032258,68.4,10,47,75.8,2.8,118.3
"482","Mark Chapman","Central Michigan",2,173,132,103,13,1467,191,9,59.905,78.45,8.46,14.2427184466019,58.3,15,65,62.9,9.55,92.8
"483","Mark Pope","Miami FL",1,60,45,32,5,400,43,2,53.33,73.2,6.67,12.5,36.4,1,16,50,11.1,85.4
"484","Markis McCray","Louisiana-Monroe",1,71,55,48,5,579,151,6,67.61,95.9,8.15,12.0625,48.3,9,25,52.1,9.1,108.8
"485","Marlon Williams","UCF",2,173,141,122,9,1756,488,16,71.09,89.05,10.19,14.3934426229508,92.55,20,72,57.9,6.5,132.3
"486","Marquez Stevenson","Houston",2,207,153,127,16,1926,338,18,60.9,85,9.375,15.1653543307087,77,9,76,60.4,10.1,110.35
"487","Marquez Valdes-Scantling","South Florida",1,99,68,53,8,876,169,6,53.54,77.9,8.85,16.5283018867925,73,10,32,60.4,11.8,99.6
"488","Marquise Brown","Oklahoma",2,190,158,132,15,2407,401,17,69.38,86.15,12.72,18.2348484848485,88.95,24,89,67.1,9.6,132.9
"489","Marvin Mims","Oklahoma",1,50,41,37,3,610,33,9,74,94.6,12.2,16.4864864864865,55.5,2,25,67.6,7.3,137.5
"490","Mason Schreck","Buffalo",1,94,68,59,5,651,157,4,62.77,86.8,6.93,11.0338983050847,54.3,9,33,55.9,7.4,84.1
"491","Mathew Sexton","Eastern Michigan",1,69,43,37,2,419,98,3,53.62,91.9,6.07,11.3243243243243,34.9,8,16,43.2,4.7,74.5
"492","Matt Bushman","BYU",2,159,112,96,1,1208,186,7,60.44,86.45,7.66,12.5833333333333,46.45,12,56,58.4,0.85,78.35
"493","Maurice Ffrench","Pittsburgh",1,128,104,96,6,850,122,4,75,94,6.64,8.85416666666667,77.3,8,42,43.8,5.8,89.6
"494","Max Borghi","Washington State",1,96,90,85,1,594,237,5,88.54,100,6.19,6.98823529411765,45.7,14,26,30.6,1.1,105.5
"495","McLane Mannix","Nevada",2,194,133,106,12,1632,167,13,54.565,82.7,8.435,15.3962264150943,68,7,61,58.2,8.85,90.25
"496","Melquise Stovall","California",1,69,55,42,8,414,69,3,60.87,77.8,6,9.85714285714286,41.4,8,19,45.2,14.5,74.2
"497","Melquise Stovall","Hawaii",1,46,36,31,4,232,57,0,67.39,90,5.04,7.48387096774194,25.8,5,13,41.9,11.1,70.2
"498","Micah Simon","BYU",1,79,59,51,1,616,161,2,64.56,91.8,7.8,12.078431372549,47.4,4,37,72.5,1.7,91.5
"499","Michael Clark","Marshall",1,87,49,35,6,576,50,3,40.23,70.8,6.62,16.4571428571429,52.4,2,25,71.4,12.2,55.5
"500","Michael Gallup","Colorado State",2,283,208,176,19,2685,621,21,62.6,85.35,9.69,15.2556818181818,103.25,47,120,68.7,9,120.2
"501","Michael Henry","Western Michigan",1,83,69,63,3,779,220,4,75.9,94,9.39,12.3650793650794,55.6,12,37,58.7,4.3,120.5
"502","Michael Lawrence","North Texas",2,162,122,110,11,1480,219,7,67.655,92.35,9.12,13.4545454545455,56.8,11,74,67.45,9.25,90.05
"503","Michael Mayer","Notre Dame",1,59,45,42,3,450,115,2,71.19,93.3,7.63,10.7142857142857,37.5,6,32,76.2,6.7,97.4
"504","Michael Pittman Jr.","USC",2,213,164,141,4,2035,356,17,63.26,89.7,9.685,14.4326241134752,83.6,11,85,64.75,2.8,111.45
"505","Michael Wilson","Stanford",1,84,66,56,3,672,85,5,66.67,91.2,8,12,56,1,34,60.7,4.5,105.9
"506","Mik'Quan Deane","Western Kentucky",1,73,57,44,6,530,81,6,60.27,79.2,7.26,12.0454545454545,44.2,5,31,70.5,10.5,98.5
"507","Mikah Holder","San Diego State",1,68,56,43,5,602,84,2,63.24,80.8,8.85,14,46.3,5,37,86,8.9,89.2
"508","Mike Carrigan","Kent State",2,153,110,88,13,1169,131,10,58.255,87.05,7.74,13.2840909090909,50.9,4,46,52.4,11.7,100.15
"509","Mike Gesicki","Penn State",2,152,123,105,5,1242,146,14,68.95,88.3,8.215,11.8285714285714,45.9,8,60,57.1,4.1,113.45
"510","Mike Harley","Miami FL",2,152,117,95,8,1284,227,10,61.89,87.65,8.32,13.5157894736842,54.95,12,55,57.45,6.75,95.3
"511","Mike Williams","Clemson",1,143,117,98,7,1361,246,11,68.53,86.7,9.52,13.8877551020408,90.7,19,64,65.3,6,109.9
"512","Mike Woods","Arkansas",2,122,81,65,7,1035,100,9,53.895,90.35,8.775,15.9230769230769,48.25,2,48,73.85,8.15,98
"513","Miles Boykin","Notre Dame",1,99,69,59,5,872,84,8,59.6,88.9,8.81,14.7796610169492,67.1,0,44,74.6,7.2,102.8
"514","Mitchell Paige","Indiana",1,101,68,58,5,646,106,4,57.43,85.3,6.4,11.1379310344828,49.7,7,35,60.3,7.4,69.2
"515","Mitchell Tinsley","Western Kentucky",1,69,49,43,3,377,49,4,62.32,93.2,5.46,8.76744186046512,31.4,2,23,53.5,6.1,96.1
"516","Myron Mitchell","UAB",2,122,83,63,14,990,56,7,53.515,81.2,8.335,15.7142857142857,44,1,46,72.95,16.1,82.6
"517","N'keal Harry","Arizona State",3,337,255,213,16,2905,711,22,62.98,85.5,8.5,13.6384976525822,78.2333333333333,40,127,59.6,6.36666666666667,102.933333333333
"518","Nacarius Fant","Western Kentucky",1,104,82,74,4,704,145,4,71.15,90.1,6.77,9.51351351351351,54.2,22,39,52.7,4.9,102.4
"519","Najee Harris","Alabama",1,53,48,43,2,425,190,4,81.13,95.3,8.02,9.88372093023256,32.7,15,26,60.5,4.2,117.4
"520","Nate Cole","Cincinnati",1,86,68,57,5,518,104,4,66.28,87.7,6.02,9.08771929824561,43.2,7,32,56.1,7.4,93.1
"521","Nate Stewart","Akron",1,81,48,37,6,529,78,3,45.68,85.4,6.53,14.2972972972973,44.1,3,27,73,12.5,74.6
"522","Nathaniel Dell","Houston",1,50,34,29,2,428,71,3,58,93.5,8.56,14.7586206896552,53.5,1,21,72.4,5.9,89.4
"523","Neil Pau'u","BYU",1,58,53,46,2,619,62,4,79.31,91.7,10.67,13.4565217391304,51.6,0,34,73.9,3.8,126.9
"524","Nicholas Norris","Western Kentucky",1,108,87,74,10,1264,108,12,68.52,87.1,11.7,17.0810810810811,97.2,14,53,71.6,11.5,145
"525","Nick Easley","Iowa",2,165,125,103,12,1046,199,9,62.43,87.15,6.34,10.1553398058252,40.25,11,54,52.5,9.65,93.65
"526","Nick Kurtz","BYU",1,79,61,49,4,541,56,2,62.03,83.1,6.85,11.0408163265306,41.6,4,28,57.1,6.6,80.2
"527","Nick Westbrook","Indiana",2,166,122,96,7,1585,161,10,58.27,80.4,9.405,16.5104166666667,62.85,9,65,67.05,5.8,103.35
"528","Nico Collins","Michigan",1,67,54,37,6,729,108,7,55.22,78.3,10.88,19.7027027027027,60.8,4,31,83.8,11.1,115.8
"529","Nico Ragiani","Iowa",1,74,58,46,8,439,77,2,62.16,87.8,5.93,9.54347826086956,33.8,1,24,52.2,13.8,76.4
"530","Noah Gray","Duke",1,75,54,50,1,388,86,3,66.67,95.7,5.17,7.76,32.3,2,18,36,1.9,81.4
"531","Noel Thomas","UCONN",1,170,112,100,6,1179,244,3,58.82,90.9,6.94,11.79,98.3,18,56,56,5.4,71.2
"532","Nyqwan Murray","Florida State",2,166,113,94,9,1348,214,7,56.35,85.45,8.1,14.3404255319149,56.15,13,58,61.8,8.2,76.6
"533","OJ Clark","New Mexico State",3,240,188,158,18,1468,303,5,65.9,88,6.20333333333333,9.29113924050633,42.0666666666667,21,70,44.4333333333333,9.56666666666667,79.2666666666667
"534","Olabisi Johnson","Colorado State",2,146,108,95,4,1391,213,6,64.76,88.95,9.48,14.6421052631579,63.25,8,66,69.35,4,101
"535","Olamide Zaccheaus","Virginia",3,341,269,230,24,2552,652,21,67.5733333333333,87.7,7.53666666666667,11.095652173913,66.6666666666667,48,121,52.7333333333333,8.83333333333333,105.866666666667
"536","Omar Bayless","Arkansas State",1,148,107,93,7,1655,248,17,62.84,91.3,11.18,17.7956989247312,127.3,6,70,75.3,6.5,125.3
"537","Osirus Mitchell","Mississippi State",1,66,55,47,3,505,81,4,71.21,89.6,7.65,10.7446808510638,45.9,5,25,53.2,5.5,81.9
"538","Papi White","Ohio",2,185,124,103,9,1659,358,15,55.12,86.95,8.895,16.1067961165049,65.95,10,67,62.7,7.5,96.1
"539","Parker Washington","Penn State",1,60,43,36,3,489,78,6,60,84.2,8.15,13.5833333333333,54.3,7,25,69.4,7,112.4
"540","Parris Campbell","Ohio State",1,111,98,91,5,1071,234,12,81.98,94.8,9.65,11.7692307692308,76.5,10,48,52.7,5.1,139.2
"541","Patrick Smith","Middle Tennessee",1,86,65,57,3,564,106,6,66.28,91.8,6.56,9.89473684210526,40.3,3,31,54.4,4.6,83.7
"542","Penny Hart","Georgia State",2,210,156,124,13,1820,406,10,58.47,84.85,8.545,14.6774193548387,75.85,21,80,63.6,8.25,96
"543","Peyton Hendershot","Indiana",1,66,57,52,2,622,152,4,78.79,94.3,9.42,11.9615384615385,47.8,5,28,53.8,3.5,107.2
"544","Preston Williams","Colorado State",1,176,127,96,10,1340,189,14,54.55,81,7.61,13.9583333333333,111.7,10,65,67.7,7.9,91.6
"545","Quartney Davis","Texas A&M",2,173,127,99,6,1201,149,11,57.265,86.6,6.99,12.1313131313131,50.5,4,65,65.95,4.85,91.15
"546","Quay Johnson","East Carolina",2,156,119,105,9,1027,275,6,67.31,88,6.585,9.78095238095238,48.8,24,52,49.9,7.65,85.05
"547","Quez Watkins","Southern Mississippi",2,205,157,133,12,2035,358,15,64.83,87.3,9.95,15.3007518796992,92.5,16,80,60.4,7.8,109.55
"548","Quin Jernighan","Western Kentucky",1,69,46,41,1,433,70,1,59.42,92.5,6.28,10.5609756097561,39.4,3,21,51.2,2.2,82.6
"549","Quintez Cephus","Wisconsin",1,94,65,59,1,901,130,7,62.77,94.8,9.59,15.271186440678,64.4,5,42,71.2,1.5,105.9
"550","Quintin Morris","Bowling Green",1,94,68,54,7,639,143,4,57.45,87,6.8,11.8333333333333,53.3,5,34,63,10.3,70.3
"551","R.J. Shelton","Michigan State",1,86,61,53,1,789,134,5,61.63,88.1,9.17,14.8867924528302,71.7,8,30,56.6,1.6,101.4
"552","R.J. Sneed","Baylor",1,65,45,40,2,504,66,3,61.54,92.7,7.75,12.6,56,1,26,65,4.4,88.2
"553","R.J. Turner","Texas Tech",1,69,50,45,3,654,134,3,65.22,93.8,9.48,14.5333333333333,54.5,5,27,60,6,110.4
"554","Raheem Blackshear","Rutgers",1,75,55,44,6,367,173,2,58.67,82.7,4.89,8.34090909090909,30.6,9,18,40.9,10.9,74.7
"555","Ramaud Chiaokhiao-Bowman","Northwestern",1,66,50,41,5,508,71,5,62.12,85.1,7.7,12.390243902439,56.4,2,29,70.7,10,104.9
"556","Randal Grimes","UNLV",1,87,54,44,6,696,115,7,50.57,86,8,15.8181818181818,63.3,5,26,59.1,11.1,90
"557","Rashee Rice","SMU",1,79,64,48,10,683,143,5,60.76,80.7,8.65,14.2291666666667,68.3,6,30,62.5,15.6,94
"558","Rashod Bateman","Minnesota",3,254,175,147,14,2395,386,19,58.8366666666667,88.4,9.30333333333333,16.2925170068027,80.8,14,103,68.6666666666667,7.9,91.5333333333333
"559","Rayshad Lewis","Utah State",1,77,49,40,5,476,96,2,51.95,81.6,6.18,11.9,39.7,8,20,50,10.2,69
"560","Reggie Roberson, Jr","SMU",2,171,120,95,10,1605,164,12,57.09,84.6,9.85,16.8947368421053,86.65,8,59,62,8,106.1
"561","Reggie Todd","Troy",2,139,103,82,11,1196,276,11,59.03,85.15,8.595,14.5853658536585,51.85,12,51,62.05,10.75,107.5
"562","Renard Bell","Washington State",2,124,99,86,7,916,160,8,69.245,89.4,7.32,10.6511627906977,64.4,5,53,60.9,7.7,107.65
"563","Richie James","Middle Tennessee",1,153,119,97,8,1552,383,11,63.4,82.9,10.14,16,129.3,27,63,64.9,6.7,110.3
"564","Ricky Jones","Indiana",1,99,63,53,4,848,180,3,53.54,83.9,8.57,16,65.2,10,36,67.9,6.3,67.2
"565","Ricky Smalling","Illinois",2,139,89,64,13,921,176,7,46.05,75.65,6.66,14.390625,39.95,8,35,54.8,14.45,66.5
"566","Rico Bussey","Hawaii",1,48,36,30,3,262,22,1,62.5,88.2,5.46,8.73333333333333,32.8,2,15,50,8.3,66.5
"567","Rico Bussey Jr.","North Texas",2,194,149,115,16,1694,198,19,58.785,79.15,8.64,14.7304347826087,68.45,18,78,68.85,10.55,103.3
"568","Riley Lees","Northwestern",1,82,58,51,3,418,77,2,62.2,90.6,5.1,8.19607843137255,34.8,8,23,45.1,5.2,68
"569","Riley Miller","Ball State",2,178,118,104,4,1490,136,13,58.38,89,8.355,14.3269230769231,62.1,4,75,72.1,4,105.5
"570","River Cracraft","Washington State",1,75,61,53,6,701,94,5,70.67,88.3,9.35,13.2264150943396,70.1,5,34,64.2,9.8,111
"571","Robert Davis","Georgia State",1,122,82,64,9,937,146,5,52.46,80,7.68,14.640625,85.2,9,38,59.4,11,84.6
"572","Rodney Adams","South Florida",1,99,75,68,4,824,223,5,68.69,91.9,8.32,12.1176470588235,63.4,23,30,44.1,5.3,94
"573","Romeo Doubs","Nevada",3,244,176,148,12,2252,325,15,60.36,87.9,9.09333333333333,15.2162162162162,74.3333333333333,9,93,62.5666666666667,6.6,100.966666666667
"574","Ron'Quavion Tarver","Utah State",3,257,202,161,15,1864,272,18,62.3,82.0333333333333,7.28,11.5776397515528,49.1,23,91,57.4,7.46666666666667,98.4
"575","Rondale Moore","Purdue",1,159,128,114,9,1257,416,12,71.7,91.8,7.91,11.0263157894737,96.7,21,53,46.5,7,109.4
"576","Ronnie Bell","Michigan",1,83,65,46,11,739,221,1,55.42,75.9,8.9,16.0652173913043,56.8,9,35,76.1,16.9,89.4
"577","Ronnie Moore","Bowling Green",1,83,57,42,11,513,45,1,50.6,76.4,6.18,12.2142857142857,42.8,7,22,52.4,19.3,48.9
"578","Ryan Davis","Auburn",2,184,165,153,6,1361,338,6,83.015,93.15,7.325,8.89542483660131,50.1,26,61,39.25,3.65,100.55
"579","Ryan Switzer","North Carolina",1,128,108,96,4,1112,162,6,75,90.6,8.69,11.5833333333333,85.5,12,49,51,3.7,113.2
"580","Ryan Yurachek","Marshall",1,82,68,54,7,490,93,10,65.85,81.8,5.98,9.07407407407407,37.7,4,29,53.7,10.3,116.4
"581","Ryheem Malone","Louisiana Lafayette",2,141,102,88,6,1201,231,8,62.44,88.8,8.545,13.6477272727273,52.55,15,54,61.35,5.8,94.05
"582","Sage Surratt","Wake Forest",2,187,134,107,7,1582,331,15,56.445,87.35,8.32,14.785046728972,77.95,14,77,72.2,5.55,102.5
"583","Sam Crawford Jr.","Tulsa",2,150,107,87,7,1151,166,6,56.825,87.45,7.535,13.2298850574713,53.2,2,50,59.25,6.85,82.55
"584","Sam Harris","South Alabama",1,69,57,41,5,570,117,2,59.42,71.4,8.26,13.9024390243902,51.8,6,27,65.9,8.8,83.6
"585","Sam James","West Virginia",2,166,128,99,17,926,144,4,59.335,80.9,5.6,9.35353535353535,42.75,9,42,44.05,12.45,64.95
"586","Sam Laporta","Iowa",1,49,35,27,3,271,34,1,55.1,86.7,5.53,10.037037037037,33.9,0,16,59.3,8.6,52.3
"587","Sam Pinckney","Georgia State",1,73,51,46,0,815,107,7,63.01,97.7,11.16,17.7173913043478,81.5,3,30,65.2,0,121.7
"588","Saquon Barkley","Penn State",1,67,62,54,5,625,132,3,80.6,86.9,9.33,11.5740740740741,48.1,19,22,40.7,8.1,120.5
"589","Scott Miller","Bowling Green",3,322,239,207,21,2830,428,23,64.6533333333333,86.3,8.75666666666667,13.6714975845411,81.5,11,127,61.2666666666667,8.86666666666667,99.2333333333333
"590","Scotty Washington","Wake Forest",1,78,62,45,7,711,112,3,57.69,73.8,9.12,15.8,54.7,8,35,77.8,11.3,95.6
"591","Sean Dykes","Memphis",1,69,55,47,1,575,90,7,68.12,95.6,8.33,12.2340425531915,52.3,2,27,57.4,1.8,109.3
"592","Sean Modster","Boise State",1,118,78,68,4,978,52,8,57.63,93.1,8.29,14.3823529411765,69.9,2,44,64.7,5.1,96.6
"593","Sean Riley","Syracuse",1,88,73,64,3,758,112,3,72.73,90,8.61,11.84375,58.3,8,33,51.6,4.1,100.5
"594","Sebastian Smith","Ohio",1,109,69,56,7,920,123,4,51.38,82.4,8.44,16.4285714285714,70.8,6,41,73.2,10.1,77
"595","Sergio Bailey II","Eastern Michigan",2,213,143,113,7,1730,199,16,53.04,80.75,8.12,15.3097345132743,69.35,12,77,68.3,5,89.5
"596","Seth Williams","Auburn",2,210,136,105,15,1581,249,12,49.87,81.7,7.525,15.0571428571429,68.75,19,74,70.85,11.25,85.9
"597","Shaedon Meadon","Appalachian State",1,70,53,45,1,716,50,2,64.29,86.5,10.23,15.9111111111111,55.1,3,33,73.3,1.9,95.9
"598","Shameen Jones","Rutgers",1,52,37,34,1,326,58,3,65.38,94.3,6.27,9.58823529411765,36.2,2,17,50,2.7,93.9
"599","Shawn Poindexter","Arizona",1,75,50,42,2,759,153,11,56,87.2,10.12,18.0714285714286,63.3,5,33,78.6,4,113.8
"600","Shay Fields","Colorado",2,180,127,102,8,1506,135,13,56.75,83,8.31,14.7647058823529,57.5,17,57,55.35,6.55,102.65
"601","Shelton Gibson","West Virginia",1,73,57,43,4,951,84,8,58.9,79.6,13.03,22.1162790697674,73.2,7,28,65.1,7,134.1
"602","Shermar Thornton","FIU",1,93,61,51,8,668,153,5,54.84,88.7,7.18,13.0980392156863,51.4,6,32,62.7,13.1,95.6
"603","Shi Smith","South Carolina",2,162,117,100,8,1122,146,6,61.495,94.45,6.905,11.22,59.6,4,56,55.1,6.75,86.45
"604","Shun Brown","Arizona",1,89,75,64,6,655,237,6,71.91,88.6,7.36,10.234375,54.6,15,35,54.7,8,110.5
"605","Siaosi Mariner","Utah State",1,104,78,62,4,976,125,10,59.62,87.1,9.38,15.741935483871,75.1,1,41,66.1,5.1,106.9
"606","Simi Fehoko","Stanford",1,59,43,37,5,574,83,3,62.71,86,9.73,15.5135135135135,95.7,0,26,70.3,11.6,104.8
"607","Simmie Cobbs Jr.","Indiana",1,125,93,72,5,841,125,8,57.6,79.1,6.73,11.6805555555556,70.1,17,43,59.7,5.4,89.5
"608","Skyy Moore","Western Michigan",1,86,58,51,2,802,213,3,59.3,90.9,9.33,15.7254901960784,61.7,12,35,68.6,3.4,97.1
"609","Smoke Harris","Louisiana Tech",2,122,100,87,8,654,197,6,71.185,91.25,5.365,7.51724137931035,32.45,4,37,42.9,7.65,90.15
"610","Spencer Tears","Northern Illinois",2,160,116,83,14,950,139,8,51.875,75.85,5.94,11.4457831325301,37.9,14,41,49.25,12.05,65.9
"611","Stacy Coley","Miami FL",1,103,80,63,5,754,138,9,61.17,80.8,7.32,11.968253968254,58,31,32,50.8,6.3,104.6
"612","Stanley Morgan Jr.","Nebraska",2,225,159,131,8,1990,319,17,58.205,84.8,8.84,15.1908396946565,86.65,26,85,65.25,4.95,101.5
"613","Stephen Louis","NC State",1,75,43,35,3,677,116,2,46.67,81.4,9.03,19.3428571428571,52.1,8,25,71.4,7,65.3
"614","Stephon Robinson Jr","Kansas",1,75,52,45,5,727,79,8,60,89.1,9.69,16.1555555555556,60.6,1,29,64.4,9.6,128
"615","Steve Ishmael","Syracuse",2,242,182,153,11,1910,309,8,65.13,86,7.955,12.483660130719,81.7,26,81,50.45,6.45,90.25
"616","Steven Dunbar","Houston",2,206,155,129,10,1798,321,8,62.48,86.95,8.69,13.937984496124,72.6,24,77,60.4,7.15,90.7
"617","Steven Mitchell Jr.","USC",1,70,53,41,3,644,87,4,58.57,78.8,9.2,15.7073170731707,53.7,11,32,78,5.7,102.3
"618","Steven Sims Jr.","Kansas",3,320,223,184,17,2243,293,17,57.5333333333333,86.7333333333333,7.03,12.1902173913043,64.4333333333333,23,96,52.2666666666667,7.86666666666667,79.2333333333333
"619","T.J. Rahming","Duke",3,335,249,210,18,2349,249,11,62.9466666666667,86.2666666666667,7.02,11.1857142857143,63.7333333333333,12,106,50.5333333333333,7.16666666666667,84.6666666666667
"620","T.L. Ford II","Charlotte",1,84,48,36,7,430,83,4,42.86,76.6,5.12,11.9444444444444,35.8,3,20,55.6,14.6,70
"621","Tabari Hines","Wake Forest",1,80,62,53,4,683,104,7,66.25,88.3,8.54,12.8867924528302,56.9,17,29,54.7,6.5,116.8
"622","Tahj Washington","Memphis",1,75,52,43,3,743,214,6,57.33,89.4,9.91,17.2790697674419,67.5,1,31,72.1,5.8,106.7
"623","Taivon Jacobs","Maryland",1,87,61,47,5,553,39,5,54.02,78,6.36,11.7659574468085,46.1,3,26,55.3,8.2,78.4
"624","Taj Harris","Syracuse",2,178,116,95,6,1292,304,7,52.885,85.7,7.3,13.6,59.95,16,51,54.25,5.05,71.45
"625","Taj Williams","TCU",1,76,48,38,5,694,82,5,50,79.2,9.13,18.2631578947368,53.4,3,27,71.1,10.4,103.7
"626","Tamorrion Terry","Florida State",2,176,125,95,12,1931,260,17,53.22,78.9,10.89,20.3263157894737,76.65,10,61,66.3,9.65,113.05
"627","Tanner Gentry","Wyoming",1,122,81,68,6,1253,104,13,55.74,84,10.27,18.4264705882353,96.4,5,54,79.4,7.4,116.6
"628","Tavares Martin Jr.","Washington State",2,200,150,131,8,1459,240,14,65.545,88.55,7.305,11.1374045801527,61.25,25,77,58.8,5.35,96.2
"629","Taylor Morin","Wake Forest",1,58,37,32,3,405,29,3,55.17,94.1,6.98,12.65625,45,0,21,65.6,8.1,94.4
"630","Taysir Mack","Pittsburgh",2,165,112,86,11,1041,138,5,50.39,78.45,6.25,12.1046511627907,49.7,1,54,64.95,10.65,71
"631","Tayvion Robinson","Virginia Tech",1,60,43,38,0,592,148,3,63.33,97.1,9.87,15.5789473684211,53.8,2,21,55.3,0,105.7
"632","Taywan Taylor","Western Kentucky",1,140,111,91,9,1584,224,16,65,82,11.31,17.4065934065934,121.8,14,55,60.4,8.1,126.6
"633","Teddy Veal","Louisiana Tech",2,222,169,144,18,1666,407,8,64.915,86.85,7.47,11.5694444444444,66.4,26,81,56,10.5,95
"634","Tee Higgins","Clemson",2,186,145,118,9,2103,345,25,63.475,88.1,11.335,17.8220338983051,70.1,10,92,78,6.2,134.35
"635","Teldrick Morgan","Maryland",1,70,54,43,5,497,88,4,61.43,79.6,7.1,11.5581395348837,41.4,10,26,60.5,9.3,84
"636","Teo Redding","Bowling Green",2,147,98,76,11,1047,206,11,51.31,76.8,7.065,13.7763157894737,46,16,47,63.75,12.4,77.8
"637","Terrace Marshall Jr","LSU",1,67,57,46,2,671,70,13,68.66,84,10.01,14.5869565217391,55.9,4,38,82.6,3.5,140.6
"638","Terrace Marshall Jr.","LSU",1,72,55,48,5,731,112,10,66.67,90.6,10.15,15.2291666666667,104.4,3,34,70.8,9.1,133.7
"639","Terrell Jana","Virginia",2,169,124,110,9,1309,226,4,63.195,91.2,7.505,11.9,52.8,8,67,60.25,7.2,74.7
"640","Terren Encalade","Tulane",2,156,98,78,10,1199,183,11,49.795,79.95,7.615,15.3717948717949,51.6,15,45,57.8,10.35,80.45
"641","Thaddeous Thompson","North Texas",1,81,52,43,6,545,69,2,53.09,82.4,6.73,12.6744186046512,41.9,4,31,72.1,11.5,67.2
"642","Thayer Thomas","NC State",2,131,88,73,6,863,121,9,57.125,87.25,6.805,11.8219178082192,35.95,5,48,65.6,6.9,92.6
"643","Theo Howard","UCLA",2,155,122,107,6,1271,181,8,69.515,90.25,8.36,11.8785046728972,51.05,17,59,55.65,4.65,109.2
"644","Theo Wease","Oklahoma",1,54,46,37,4,530,53,4,68.52,79.1,9.81,14.3243243243243,48.2,1,25,67.6,8.7,117.1
"645","Thomas Hennigan","Appalachian State",3,234,177,153,10,1972,276,16,65.2433333333333,87.5,8.42666666666667,12.8888888888889,50.4666666666667,15,94,61.6,5.16666666666667,107.033333333333
"646","Thomas Owens","FIU",2,182,135,105,9,1499,303,13,58.345,79.15,8.34,14.2761904761905,80.1,31,73,68.95,6.7,93.6
"647","Thomas Sperbeck","Boise State",1,127,98,80,13,1272,196,9,62.99,85.1,10.02,15.9,97.8,14,60,75,13.3,116.7
"648","Tim Crawley","San Jose State",1,77,62,53,4,632,79,3,68.83,88.1,8.21,11.9245283018868,57.5,7,35,66,6.5,90.4
"649","Tim Jones","Southern Mississippi",1,105,83,73,8,902,186,3,69.52,92.1,8.59,12.3561643835616,69.4,13,42,57.5,9.6,89.5
"650","Tim Patrick","Utah",1,88,66,45,6,711,83,5,51.14,72.6,8.08,15.8,71.1,6,36,80,9.1,83.1
"651","Tim White","Arizona State",1,88,67,56,7,713,182,2,63.64,87.5,8.1,12.7321428571429,71.3,13,32,57.1,10.4,77.5
"652","Timmy Hernandez","Oregon State",1,92,67,58,2,657,54,3,63.04,91.7,7.14,11.3275862068966,54.8,2,32,55.2,3,81.7
"653","TJ Chase","Florida Atlantic",1,46,29,23,3,334,31,2,50,84.6,7.26,14.5217391304348,37.1,0,17,73.9,10.3,79.4
"654","TJ Vasher","Texas Tech",2,164,113,97,5,1211,107,13,59.145,89.25,7.385,12.4845360824742,57.45,3,70,71.45,4.15,90.75
"655","Tommy Sweeney","Boston College",1,68,43,36,5,512,126,4,52.94,85.4,7.53,14.2222222222222,39.4,7,25,69.4,11.6,91.1
"656","Tony Brown","Colorado",1,75,64,56,3,707,98,5,74.67,90,9.43,12.625,58.9,2,33,58.9,4.7,109.1
"657","Tony Gaiter IV","FIU",1,84,56,50,5,623,95,4,59.52,91.8,7.42,12.46,47.9,9,35,70,8.9,98.5
"658","Tony Nicholson","New Mexico State",1,95,72,61,7,647,98,6,64.21,90.9,6.81,10.6065573770492,53.9,2,30,49.2,9.7,74.3
"659","Tony Poljan","Virginia",1,60,45,38,3,411,63,6,63.33,87.5,6.85,10.8157894736842,41.1,1,24,63.2,6.7,116.7
"660","Tra'Von Chapman","Akron",1,79,60,53,5,469,82,2,67.09,89.8,5.94,8.84905660377358,33.5,8,27,50.9,8.3,85.9
"661","Travis Etienne","Clemson",1,61,51,48,3,588,236,2,78.69,94,9.64,12.25,49,4,29,60.4,5.9,117.8
"662","Travis Fulgham","Old Dominion",2,180,112,93,8,1477,140,10,50.185,81.3,7.73,15.8817204301075,61.55,8,68,69.7,8.2,70.4
"663","Travis Rudolph","Florida State",1,99,64,56,6,840,121,7,56.57,85.9,8.48,15,64.6,16,38,67.9,9.4,99.7
"664","Tre Hartley","San Jose State",1,81,50,37,7,527,54,2,45.68,74,6.51,14.2432432432432,43.9,1,19,51.4,14,44.6
"665","Tre Nixon","UCF",2,172,107,89,10,1392,110,11,51.66,87.3,8.015,15.6404494382022,53.5,3,43,48.45,9.1,92.8
"666","Tre Turner","Virginia Tech",1,48,37,34,1,529,46,3,70.83,93.5,11.02,15.5588235294118,52.9,2,26,76.5,2.7,127.9
"667","Tre Walker","San Jose State",2,191,148,124,13,1786,331,6,64.295,87,9.2,14.4032258064516,97.1,14,82,65.3,9.2,104.2
"668","Tre'quan Smith","UCF",2,190,146,115,9,2018,323,18,61.37,81.65,10.925,17.5478260869565,80.35,35,76,65.8,6.15,118.9
"669","Trent Cowan","Idaho",1,70,55,47,5,533,57,6,67.14,85.5,7.61,11.3404255319149,44.4,4,36,76.6,9.1,118.3
"670","Trent Sherfield","Vanderbilt",1,74,58,50,6,729,95,5,67.57,90.9,9.85,14.58,60.8,5,39,78,10.3,105.1
"671","Trent Taylor","Louisiana Tech",1,165,144,132,4,1787,379,11,80,91.7,10.83,13.5378787878788,137.5,19,79,59.8,2.8,129
"672","Trenton Irwin","Stanford",2,159,120,103,3,1146,168,4,64.505,88.7,7.17,11.126213592233,45,9,54,51.9,2.65,80.9
"673","Trevon Bradford","Oregon State",1,88,62,56,0,649,103,6,63.64,93.2,7.38,11.5892857142857,59,3,34,60.7,0,108.6
"674","Trevon Brown","East Carolina",2,273,175,134,11,2191,363,16,50.595,79.1,8.43,16.3507462686567,91.3,20,97,72.65,6.2,90
"675","Trevon Grimes","Florida",1,60,50,38,2,589,88,9,63.33,80.4,9.82,15.5,53.5,5,28,73.7,4,135.3
"676","Trey Quinn","SMU",1,160,120,114,2,1236,273,13,71.25,95,7.72,10.8421052631579,95.1,19,64,56.1,1.7,110.3
"677","Treylon Burks","Arkansas",1,68,58,51,4,820,176,7,75,87.9,12.06,16.078431372549,91.1,6,34,66.7,6.9,149.1
"678","Trishton Jackson","Syracuse",1,107,74,66,2,1023,194,11,61.68,90.3,9.56,15.5,85.3,8,44,66.7,2.7,123.7
"679","Troy Fumagalli","Wisconsin",1,76,54,46,3,547,49,4,60.53,85.2,7.2,11.8913043478261,45.6,2,29,63,5.6,72.6
"680","Tutu Atwell","Louisville",2,177,133,116,10,1901,285,19,65.415,92.95,10.42,16.3879310344828,83.8,3,79,66.9,7.2,113.75
"681","Ty Fryfogle","Indiana",1,70,50,37,3,713,110,7,52.86,78.7,10.19,19.2702702702703,89.1,4,27,73,6,110
"682","Ty Lee","Middle Tennessee",4,383,297,257,23,3032,614,24,66.915,88.45,7.86,11.7976653696498,59,36,139,53.85,7.825,101.85
"683","Tylan Wallace","Oklahoma State",3,328,238,198,12,3291,576,26,61.04,87.6,10.06,16.6212121212121,108.966666666667,23,146,72.1333333333333,4.33333333333333,108.4
"684","Tyler Conklin","Central Michigan",2,149,95,77,8,1064,137,11,51.58,81.55,7.145,13.8181818181818,53.05,7,54,70,8.55,76.6
"685","Tyler Johnson","Minnesota",3,325,242,199,24,3164,517,32,59.7133333333333,82.9666666666667,9.75333333333333,15.8994974874372,86.3333333333333,17,148,76.1,10.9333333333333,114
"686","Tyler Page","SMU",1,52,45,39,4,422,138,2,75,90.5,8.12,10.8205128205128,42.2,6,17,43.6,8.9,111.2
"687","Tyler Snead","East Carolina",2,169,128,119,5,1283,230,10,70.545,94.8,7.535,10.781512605042,60.75,11,62,51.8,3.85,100.75
"688","Tyler Vaughns","USC",4,335,259,222,15,2802,452,20,66.815,87.775,8.4875,12.6216216216216,64.075,19,144,64.8,5.9,101.4
"689","Tyquan Thornton","Baylor",1,71,54,45,4,782,132,5,63.38,85.1,11.01,17.3777777777778,55.9,1,27,60,7.4,118.4
"690","Tyre Brady","Marshall",2,246,166,132,12,1939,317,17,54.695,83.85,8.08,14.6893939393939,81.15,15,82,61.8,7.2,92.9
"691","Tyre McCants","South Florida",1,90,72,59,7,622,201,3,65.56,88.1,6.91,10.5423728813559,47.8,16,25,42.4,9.7,96.6
"692","Tyrice Richie","Northern Illinois",1,71,59,53,5,597,101,4,74.65,89.1,8.41,11.2641509433962,99.5,4,31,58.5,8.5,118.1
"693","Tyron Johnson","Oklahoma State",1,95,64,53,3,845,99,7,55.79,86.9,8.89,15.9433962264151,65,4,40,75.5,4.7,101.4
"694","Tyrone Scott","Central Michigan",1,74,47,37,6,650,64,5,50,80.6,8.78,17.5675675675676,46.4,3,29,78.4,12.8,97.2
"695","Van Jefferson","Florida",1,70,54,49,3,657,58,6,70,91.8,9.39,13.4081632653061,50.5,0,32,65.3,5.6,116.2
"696","Van Jefferson","Ole Miss",1,76,56,49,4,543,83,3,64.47,87.5,7.14,11.0816326530612,45.3,7,32,65.3,7.1,93.3
"697","Ventell Bryant","Temple",2,182,128,105,9,1585,186,7,57.685,85.85,8.7,15.0952380952381,67.25,16,68,64.5,6.8,85.4
"698","Vic Wharton III","California",2,191,136,116,8,1366,159,6,60.98,89.3,7.03,11.7758620689655,56.9,9,61,51.8,5.35,77.6
"699","Victor Bolden Jr","Oregon State",1,90,58,46,7,542,113,2,51.11,81.8,6.02,11.7826086956522,49.3,4,23,50,12.1,58.7
"700","Victor Tucker","Charlotte",3,224,162,136,9,2021,215,11,60.7833333333333,90,8.9,14.8602941176471,67.1,13,96,69.1666666666667,5.1,89
"701","Wan'Dale Robinson","Nebraska",1,65,55,51,1,461,56,1,78.46,100,7.09,9.03921568627451,57.6,4,19,37.3,1.8,88.5
"702","Warren Jackson","Colorado State",1,124,89,77,5,1119,188,8,62.1,89.4,9.02,14.5324675324675,111.9,10,57,74,5.6,106.2
"703","Whop Philyor","Indiana",2,193,145,124,10,1482,283,8,63.985,91,7.56,11.9516129032258,72.1,16,67,53.55,6.65,96.2
"704","Willie Wright","Florida Atlantic",2,152,119,104,7,1097,232,8,68.63,90.75,7.145,10.5480769230769,43.6,10,47,45.4,5.9,94.75
"705","Winston Wright Jr","West Virginia",1,65,55,47,5,553,97,2,72.31,88.7,8.51,11.7659574468085,55.3,0,24,51.1,9.1,108
"706","Wyatt Demps","Nevada",2,200,148,120,8,1592,192,20,60.025,82.9,7.945,13.2666666666667,66.35,19,64,53.9,5.35,104.05
"707","Xavier Castille","SMU",1,70,52,40,9,423,68,1,57.14,76.5,6.04,10.575,35.3,6,23,57.5,17.3,79.6
"708","Xavier Gaines","Marshall",1,47,33,28,2,404,52,4,59.57,89.7,8.6,14.4285714285714,40.4,3,17,60.7,6.1,98.2
"709","Xavier Hutchinson","Iowa State",1,93,77,64,3,771,240,4,68.82,90.8,8.29,12.046875,64.3,9,35,54.7,3.9,94.9
"710","Xavier Lane","Western Kentucky",1,52,42,34,5,376,39,1,65.38,84.6,7.23,11.0588235294118,37.6,1,18,52.9,11.9,93.1
"711","Yo'Heinz Tyler","Ball State",1,72,56,42,8,607,128,8,58.33,80.4,8.43,14.452380952381,75.9,5,32,76.2,14.3,105.5
"712","Yusuf Ali","Middle Tennessee",1,48,41,37,3,457,103,2,77.08,91.9,9.52,12.3513513513514,65.3,5,21,56.8,7.3,111.2
"713","Zach Jackson","Louisiana-Monroe",1,67,46,30,10,392,59,1,44.78,69.8,5.85,13.0666666666667,32.7,4,20,66.7,21.7,43.9
"714","Zach Pascal","Old Dominion",1,105,78,65,6,946,93,9,61.9,84.4,9.01,14.5538461538462,72.8,7,45,69.2,7.7,115.8
"715","Zakhari Franklin","UTSA",1,85,61,49,4,689,45,7,57.65,84.2,8.11,14.0612244897959,68.9,0,30,61.2,6.6,101.5
"716","Zane Pope","Fresno State",1,67,53,47,1,520,87,1,70.15,93.8,7.76,11.063829787234,43.3,1,24,51.1,1.9,79.2
"717","Zay Flowers","Boston College",1,106,71,56,12,892,119,9,52.83,85.2,8.42,15.9285714285714,81.1,3,30,53.6,16.9,97.7
"718","Zay Jones","East Carolina",1,227,178,158,4,1746,298,8,69.6,90.8,7.69,11.0506329113924,145.5,24,92,58.2,2.2,94.7
